SN,Title,Author,Published,Link
1,Deep learning identification of coronary artery disease from bilateral finger photoplethysmography sensing: A proof-of-concept study,"Allen, J.",1 Sept 2023,https://pureportal.coventry.ac.uk/en/publications/deep-learning-identification-of-coronary-artery-disease-from-bila
2,Usability and preliminary efficacy of an AI-driven platform supporting dietary management in diabetes: A mixed-method study,"Bul, K.",16 Apr 2023,https://pureportal.coventry.ac.uk/en/publications/usability-and-preliminary-efficacy-of-an-ai-driven-platform-suppo-2
3,Assessing hemodynamics from the photoplethysmogram to gain insights into vascular age: a review from VascAgeNet,"Allen, J.",1 Apr 2022,https://pureportal.coventry.ac.uk/en/publications/assessing-hemodynamics-from-the-photoplethysmogram-to-gain-insigh
4,"Book Pitch article on Photoplethysmography: technology, signal analysis and applications","Allen, J.",25 May 2022,https://pureportal.coventry.ac.uk/en/publications/book-pitch-article-on-photoplethysmography-technology-signal-anal
5,Ethnic Disparities in Publicly-available Pulse Oximetry Databases,"Allen, J.",27 May 2022,https://pureportal.coventry.ac.uk/en/publications/ethnic-disparities-in-publicly-available-pulse-oximetry-databases
6,Novel pulse device for diagnosis of peripheral arterial disease (NOTEPAD): ISRCTN13301188,"Allen, J.",24 Oct 2022,https://pureportal.coventry.ac.uk/en/publications/novel-pulse-device-for-diagnosis-of-peripheral-arterial-disease-n
7,Prospective assessment of the diagnostic accuracy of multi-site photoplethysmography pulse measurements for diagnosis of peripheral artery disease in primary care,"Allen, J.",18 Aug 2022,https://pureportal.coventry.ac.uk/en/publications/prospective-assessment-of-the-diagnostic-accuracy-of-multi-site-p
8,Usability and preliminary efficacy of an AI-driven platform supporting dietary management in diabetes: A mixed-method study,"Bul, K.",21 Nov 2022,https://pureportal.coventry.ac.uk/en/publications/usability-and-preliminary-efficacy-of-an-ai-driven-platform-suppo
9,Validation of a Standardised Duplex Ultrasound Classification System for the Reporting and Grading of Peripheral Arterial Disease,"Allen, J.",1 Aug 2022,https://pureportal.coventry.ac.uk/en/publications/validation-of-a-standardised-duplex-ultrasound-classification-sys
10,Deep learning based photoplethysmography classification for peripheral arterial disease detection: a proof-of-concept study,"Allen, J.",17 Jun 2021,https://pureportal.coventry.ac.uk/en/publications/deep-learning-based-photoplethysmography-classification-for-perip
11,Explorations in skin temperature and objective skin colour measurements in Raynaud's phenomenon: A pilot study,"Allen, J.",1 Aug 2021,https://pureportal.coventry.ac.uk/en/publications/explorations-in-skin-temperature-and-objective-skin-colour-measur
12,Filtering-induced time shifts in photoplethysmography pulse features measured at different body sites: the importance of filter definition and standardization,"Liu, H.",28 Jul 2021,https://pureportal.coventry.ac.uk/en/publications/filtering-induced-time-shifts-in-photoplethysmography-pulse-featu
13,Low frequency variability in photoplethysmography and autonomic function assessment,"Allen, J.",1 Nov 2021,https://pureportal.coventry.ac.uk/en/publications/low-frequency-variability-in-photoplethysmography-and-autonomic-f
14,"Photoplethysmography: Technology, Signal Analysis and Applications","Allen, J. (ed.)",1 Nov 2021,https://pureportal.coventry.ac.uk/en/publications/photoplethysmography-technology-signal-analysis-and-applications
15,Photoplethysmography (PPG): State-of-the-art methods and applications,"Allen, J.",24 Nov 2021,https://pureportal.coventry.ac.uk/en/publications/photoplethysmography-ppg-state-of-the-art-methods-and-application
16,Photoplethysmography for the assessment of peripheral vascular disease,"Allen, J.",3 Nov 2021,https://pureportal.coventry.ac.uk/en/publications/photoplethysmography-for-the-assessment-of-peripheral-vascular-di
17,Photoplethysmography signal processing and synthesis,"Allen, J.",1 Nov 2021,https://pureportal.coventry.ac.uk/en/publications/photoplethysmography-signal-processing-and-synthesis
18,Reliability of the Edinburgh Claudication Questionnaire for identifying symptomatic PAD in General Practice,"Allen, J.",May 2021,https://pureportal.coventry.ac.uk/en/publications/reliability-of-the-edinburgh-claudication-questionnaire-for-ident
19,The power of light in medicine - challenges and opportunities in vascular optics,"Allen, J.",1 Apr 2021,https://pureportal.coventry.ac.uk/en/publications/the-power-of-light-in-medicine-challenges-and-opportunities-in-va
20,The striking need for age diverse pulse oximeter databases,"Allen, J.",1 Dec 2021,https://pureportal.coventry.ac.uk/en/publications/the-striking-need-for-age-diverse-pulse-oximeter-databases
21,Accuracy of Peripheral Arterial Disease Registers in UK General Practice:  Case-Control Study,"Allen, J.",2020,https://pureportal.coventry.ac.uk/en/publications/accuracy-of-peripheral-arterial-disease-registers-in-uk-general-p
22,Advancing PPG signal quality and know-how through knowledge translation - from experts to student and researcher,"Zheng, D.",21 Dec 2020,https://pureportal.coventry.ac.uk/en/publications/advancing-ppg-signal-quality-and-know-how-through-knowledge-trans
23,Age-related changes in pulse risetime measured by multi-site photoplethysmography,"Allen, J.",2020,https://pureportal.coventry.ac.uk/en/publications/age-related-changes-in-pulse-risetime-measured-by-multi-site-phot
24,Assessment of Hypertension Using Clinical Electrocardiogram Features: A First-Ever Review,"Allen, J.",4 Dec 2020,https://pureportal.coventry.ac.uk/en/publications/assessment-of-hypertension-using-clinical-electrocardiogram-featu
25,Cuffless Single-Site Photoplethysmography for Blood Pressure Monitoring,"Zheng, D.",7 Mar 2020,https://pureportal.coventry.ac.uk/en/publications/cuffless-single-site-photoplethysmography-for-blood-pressure-moni
26,Infrared thermography and ulcer prevention in the high-risk diabetic foot: data from a single-blind multicentre controlled clinical trial,"Allen, J.",Jan 2020,https://pureportal.coventry.ac.uk/en/publications/infrared-thermography-and-ulcer-prevention-in-the-high-risk-diabe
27,Multimodal Photoplethysmography-Based Approaches for Improved Detection of Hypertension,"Zheng, D.",22 Apr 2020,https://pureportal.coventry.ac.uk/en/publications/multimodal-photoplethysmography-based-approaches-for-improved-det
28,PPGSynth: An innovative toolbox for synthesizing regular and irregular photoplethysmography waveforms,"Allen, J.",2 Nov 2020,https://pureportal.coventry.ac.uk/en/publications/ppgsynth-an-innovative-toolbox-for-synthesizing-regular-and-irreg
29,Between visit variability of thermal imaging of feet in people attending podiatric clinics with diabetic neuropathy at high risk of developing foot ulcers,"Allen, J.",2 Sept 2019,https://pureportal.coventry.ac.uk/en/publications/between-visit-variability-of-thermal-imaging-of-feet-in-people-at
30,Focus collection on thermal imaging in medicine,"Allen, J.",30 Oct 2019,https://pureportal.coventry.ac.uk/en/publications/focus-collection-on-thermal-imaging-in-medicine
31,Multi-Site Photoplethysmography Technology for Blood Pressure Assessment: Challenges and Recommendations,"Zheng, D.",1 Nov 2019,https://pureportal.coventry.ac.uk/en/publications/multi-site-photoplethysmography-technology-for-blood-pressure-ass
32,Nailfold capillaroscopy - How many fingers should be examined to detect abnormality?,"Allen, J.",Feb 2019,https://pureportal.coventry.ac.uk/en/publications/nailfold-capillaroscopy-how-many-fingers-should-be-examined-to-de
33,Negotiating commissioning pathways for the successful implementation of innovative health technology in primary care,"Allen, J.",6 Sept 2019,https://pureportal.coventry.ac.uk/en/publications/negotiating-commissioning-pathways-for-the-successful-implementat
34,Nurses’ and patients’ experiences and preferences of the ankle-brachial pressure index and multi-site photoplethysmography for the diagnosis of peripheral arterial disease:  A qualitative study,"Allen, J.",7 Nov 2019,https://pureportal.coventry.ac.uk/en/publications/nurses-and-patients-experiences-and-preferences-of-the-ankle-brac
35,Peripheral arterial disease diagnosis and management in primary care: A qualitative study,"Allen, J.",21 Aug 2019,https://pureportal.coventry.ac.uk/en/publications/peripheral-arterial-disease-diagnosis-and-management-in-primary-c
36,Quantifying the delays between multi-site photoplethysmography pulse and electrocardiogram r-r interval changes under slow-paced breathing,"Allen, J.",25 Sept 2019,https://pureportal.coventry.ac.uk/en/publications/quantifying-the-delays-between-multi-site-photoplethysmography-pu
37,Recent development of respiratory rate measurement technologies,"Liu, H.",2 Aug 2019,https://pureportal.coventry.ac.uk/en/publications/recent-development-of-respiratory-rate-measurement-technologies
38,Sensor Housing and Associated Disposable Element,"Allen, J.",22 Aug 2019,https://pureportal.coventry.ac.uk/en/publications/sensor-housing-and-associated-disposable-element
39,Simple photoplethysmography pulse encoding technique for communicating the detection of peripheral arterial disease - A proof of concept study,"Allen, J.",30 Aug 2019,https://pureportal.coventry.ac.uk/en/publications/simple-photoplethysmography-pulse-encoding-technique-for-communic
40,Tissue oxygen saturation assessment of microvascular perfusion in adults with Fontan palliation and comparator groups using vascular optical spectrophotometry: A pilot study,"Allen, J.",28 Jun 2019,https://pureportal.coventry.ac.uk/en/publications/tissue-oxygen-saturation-assessment-of-microvascular-perfusion-in
41,Using a Discrete-Choice Experiment to Estimate the Preferences of Clinical Practitioners for a Novel Non-invasive Device for Diagnosis of Peripheral Arterial Disease in Primary Care,"Allen, J.",16 May 2019,https://pureportal.coventry.ac.uk/en/publications/using-a-discrete-choice-experiment-to-estimate-the-preferences-of
42,A Multicenter Study of the Validity and Reliability of Responses to Hand Cold Challenge as Measured by Laser Speckle Contrast Imaging and Thermography: Outcome Measures for Systemic Sclerosis Related Raynaud's Phenomenon,,Jun 2018,https://pureportal.coventry.ac.uk/en/publications/a-multicenter-study-of-the-validity-and-reliability-of-responses-
43,Innovative Multi-Site Photoplethysmography Analysis for Quantifying Pulse Amplitude and Timing Variability Characteristics in Peripheral Arterial Disease,"Allen, J.",17 Sept 2018,https://pureportal.coventry.ac.uk/en/publications/innovative-multi-site-photoplethysmography-analysis-for-quantifyi
44,Innovative multi-site photoplethysmography measurement and analysis demonstrating increased arterial stiffness in paediatric heart transplant recipients,"Zheng, D.",1 Aug 2018,https://pureportal.coventry.ac.uk/en/publications/innovative-multi-site-photoplethysmography-measurement-and-analys
45,Novel optical assessments of tissue composition and viability using fluorescence spectroscopy and tissue oxygenation spectrophotometry in patients with systemic sclerosis: A pilot study,"Allen, J.",2 Apr 2018,https://pureportal.coventry.ac.uk/en/publications/novel-optical-assessments-of-tissue-composition-and-viability-usi
46,"Novel Signal Noise Reduction Method through Cluster Analysis, Applied to Photoplethysmography","Allen, J.",29 Jan 2018,https://pureportal.coventry.ac.uk/en/publications/novel-signal-noise-reduction-method-through-cluster-analysis-appl
47,Reliability of a novel thermal imaging system for temperature assessment of healthy feet,"Allen, J.",30 May 2018,https://pureportal.coventry.ac.uk/en/publications/reliability-of-a-novel-thermal-imaging-system-for-temperature-ass
48,Systematic Review of Economic Models Used to Compare Techniques for Detecting Peripheral Arterial Disease,"Allen, J.",23 Apr 2018,https://pureportal.coventry.ac.uk/en/publications/systematic-review-of-economic-models-used-to-compare-techniques-f
49,The assessment of nailfold capillaries: Comparison of dermoscopy and nailfold videocapillaroscopy,"Allen, J.",Jun 2018,https://pureportal.coventry.ac.uk/en/publications/the-assessment-of-nailfold-capillaries-comparison-of-dermoscopy-a
50,A medical thermal imaging device for the prevention of diabetic foot ulceration,"Allen, J.",3 Feb 2017,https://pureportal.coventry.ac.uk/en/publications/a-medical-thermal-imaging-device-for-the-prevention-of-diabetic-f
51,Active HHV-6 Infection of Cerebellar Purkinje Cells in Mood Disorders,"Aspinall, R.",21 Aug 2018,https://pureportal.coventry.ac.uk/en/publications/active-hhv-6-infection-of-cerebellar-purkinje-cells-in-mood-disor
52,Interventions to restore appropriate immune function in the elderly,"Aspinall, R.",25 Jan 2018,https://pureportal.coventry.ac.uk/en/publications/interventions-to-restore-appropriate-immune-function-in-the-elder
53,Perturbation of the T cell receptor repertoire occurs with increasing age in dogs,"Aspinall, R.",1 Feb 2018,https://pureportal.coventry.ac.uk/en/publications/perturbation-of-the-t-cell-receptor-repertoire-occurs-with-increa
54,Polymorphisms in the canine IL7R 3′UTR are associated with thymic output in Labrador retriever dogs and influence post-transcriptional regulation by microRNA 185,"Aspinall, R.",1 Apr 2018,https://pureportal.coventry.ac.uk/en/publications/polymorphisms-in-the-canine-il7r-3utr-are-associated-with-thymic-
55,The Burden of Chikungunya Virus Infection: The Need for Systematic and Geriatric-Specific Epidemiological Monitoring,"Aspinall, R.",1 Mar 2018,https://pureportal.coventry.ac.uk/en/publications/the-burden-of-chikungunya-virus-infection-the-need-for-systematic
56,"Vaccination choices for older people, looking beyond age specific approaches","Aspinall, R.",2 Jan 2018,https://pureportal.coventry.ac.uk/en/publications/vaccination-choices-for-older-people-looking-beyond-age-specific-
57,A qualitative analysis of the effectiveness of telehealthcare devices (i) are they meeting the needs of end-users?,"Aspinall, R.",4 Jul 2017,https://pureportal.coventry.ac.uk/en/publications/a-qualitative-analysis-of-the-effectiveness-of-telehealthcare-dev-2
58,A qualitative analysis of the effectiveness of telehealthcare devices (II) barriers to uptake of telehealthcare devices,"Aspinall, R.",6 Jul 2017,https://pureportal.coventry.ac.uk/en/publications/a-qualitative-analysis-of-the-effectiveness-of-telehealthcare-dev
59,Chikungunya Virus Infection: Why Should U.S. Geriatricians Be Aware of It?,"Aspinall, R.",1 Nov 2017,https://pureportal.coventry.ac.uk/en/publications/chikungunya-virus-infection-why-should-us-geriatricians-be-aware-
60,Vitamin D Status and the Host Resistance to Infections: What It Is Currently (Not) Understood,"Aspinall, R.",1 May 2017,https://pureportal.coventry.ac.uk/en/publications/vitamin-d-status-and-the-host-resistance-to-infections-what-it-is
61,An age-associated decline in thymic output differs in dog breeds according to their longevity,"Aspinall, R.",8 Nov 2016,https://pureportal.coventry.ac.uk/en/publications/an-age-associated-decline-in-thymic-output-differs-in-dog-breeds-
62,Zinc supplementation induces regulatory T cells by inhibition of Sirt-1 deacetylase in mixed lymphocyte cultures,"Aspinall, R.",1 Mar 2016,https://pureportal.coventry.ac.uk/en/publications/zinc-supplementation-induces-regulatory-t-cells-by-inhibition-of-
63,Can we translate vitamin D immunomodulating effect on innate and adaptive immunity to vaccine response?,"Aspinall, R.",20 Mar 2015,https://pureportal.coventry.ac.uk/en/publications/can-we-translate-vitamin-d-immunomodulating-effect-on-innate-and-
64,MARK-AGE biomarkers of ageing,"Aspinall, R.",1 Nov 2015,https://pureportal.coventry.ac.uk/en/publications/mark-age-biomarkers-of-ageing
65,Cellular signalling pathways in immune aging and regeneration,"Aspinall, R.",2014,https://pureportal.coventry.ac.uk/en/publications/cellular-signalling-pathways-in-immune-aging-and-regeneration
66,Protection versus pathology in aviremic and high viral load HIV-2 infection - The pivotal role of immune activation and T-cell kinetics,"Aspinall, R.",1 Sept 2014,https://pureportal.coventry.ac.uk/en/publications/protection-versus-pathology-in-aviremic-and-high-viral-load-hiv-2
67,Vaccination in the elderly: What can be recommended?,"Aspinall, R.",2014,https://pureportal.coventry.ac.uk/en/publications/vaccination-in-the-elderly-what-can-be-recommended
68,Vaccine responsiveness in the elderly: Best practice for the clinic,"Aspinall, R.",2014,https://pureportal.coventry.ac.uk/en/publications/vaccine-responsiveness-in-the-elderly-best-practice-for-the-clini
69,A respiratory monitoring device based on clavicular motion,"Aspinall, R.",Aug 2013,https://pureportal.coventry.ac.uk/en/publications/a-respiratory-monitoring-device-based-on-clavicular-motion
70,A Simple Model System Enabling Human CD34+ Cells to Undertake Differentiation Towards T Cells,"Aspinall, R.",23 Jul 2013,https://pureportal.coventry.ac.uk/en/publications/a-simple-model-system-enabling-human-cd34supsup-cells-to-undertak
71,Dose response kinetics of CD8 lymphocytes from young animals transfused into old animals and challenged with influenza,"Aspinall, R.",16 Aug 2013,https://pureportal.coventry.ac.uk/en/publications/dose-response-kinetics-of-cd8-lymphocytes-from-young-animals-tran
72,How important is vitamin D in preventing infections?,"Aspinall, R.",May 2013,https://pureportal.coventry.ac.uk/en/publications/how-important-is-vitamin-d-in-preventing-infections
73,Immune Senescence and Vaccination in the Elderly,"Aspinall, R.",1 Oct 2013,https://pureportal.coventry.ac.uk/en/publications/immune-senescence-and-vaccination-in-the-elderly
74,Measuring the TREC ratio in dried blood spot samples: Intra- and inter-filter paper cards reproducibility,"Aspinall, R.",29 Mar 2013,https://pureportal.coventry.ac.uk/en/publications/measuring-the-trec-ratio-in-dried-blood-spot-samples-intra-and-in
75,"Reversing T cell immunosenescence: Why, who, and how","Aspinall, R.",Jun 2013,https://pureportal.coventry.ac.uk/en/publications/reversing-t-cell-immunosenescence-why-who-and-how
76,Saurons-nous jamais ce qui provoque le vieillissement?,"Aspinall, R.",Dec 2013,https://pureportal.coventry.ac.uk/en/publications/saurons-nous-jamais-ce-qui-provoque-le-vieillissement
77,The avalanche is coming... and just now it's starting to snow,"Aspinall, R.",2013,https://pureportal.coventry.ac.uk/en/publications/the-avalanche-is-coming-and-just-now-its-starting-to-snow
78,Comparison of manual and automated DNA purification for measuring TREC in dried blood spot (DBS) samples with qPCR,"Aspinall, R.",31 Oct 2012,https://pureportal.coventry.ac.uk/en/publications/comparison-of-manual-and-automated-dna-purification-for-measuring
79,Effectiveness of influenza vaccine in aging and older adults: Comprehensive analysis of the evidence,"Aspinall, R.",2012,https://pureportal.coventry.ac.uk/en/publications/effectiveness-of-influenza-vaccine-in-aging-and-older-adults-comp
80,Efficacité des vaccins antigrippes chez la personne âgée,"Aspinall, R.",Jun 2012,https://pureportal.coventry.ac.uk/en/publications/efficacit%C3%A9-des-vaccins-antigrippes-chez-la-personne-%C3%A2g%C3%A9e
81,Immunosenescence and herd immunity: With an ever-increasing aging population do we need to rethink vaccine schedules?,"Aspinall, R.",Feb 2012,https://pureportal.coventry.ac.uk/en/publications/immunosenescence-and-herd-immunity-with-an-ever-increasing-aging-
82,"Immunosenescence and the 3Rs: Restoration, replacement and reprogramming immunosenescence and its correction","Aspinall, R.",1 Jan 2012,https://pureportal.coventry.ac.uk/en/publications/immunosenescence-and-the-3rs-restoration-replacement-and-reprogra
83,"Immunotherapy of immunosenesence; who, how and when?","Aspinall, R.",2012,https://pureportal.coventry.ac.uk/en/publications/immunotherapy-of-immunosenesence-who-how-and-when
84,L'immunosénescence,"Aspinall, R.",Aug 2012,https://pureportal.coventry.ac.uk/en/publications/limmunos%C3%A9nescence
85,Immunosenescence: Implications for vaccination programmes in adults,"Aspinall, R.",Apr 2011,https://pureportal.coventry.ac.uk/en/publications/immunosenescence-implications-for-vaccination-programmes-in-adult
86,Interleukin 7 from maternal milk crosses the intestinal barrier and modulates T-cell development in offspring,"Aspinall, R.",30 Jun 2011,https://pureportal.coventry.ac.uk/en/publications/interleukin-7-from-maternal-milk-crosses-the-intestinal-barrier-a
87,Real time-PCR assay estimating the naive T-cell pool in whole blood and dried blood spot samples: Pilot study in young adults,"Aspinall, R.",30 Jun 2011,https://pureportal.coventry.ac.uk/en/publications/real-time-pcr-assay-estimating-the-naive-t-cell-pool-in-whole-blo
88,Thymic function and T cell parameters in a natural human experimental model of seasonal infectious diseases and nutritional burden,"Aspinall, R.",15 Jun 2011,https://pureportal.coventry.ac.uk/en/publications/thymic-function-and-t-cell-parameters-in-a-natural-human-experime
89,Vaccine effectiveness in older individuals: What has been learned from the influenza-vaccine experience,"Aspinall, R.",Jul 2011,https://pureportal.coventry.ac.uk/en/publications/vaccine-effectiveness-in-older-individuals-what-has-been-learned-
90,Immune senescence,"Aspinall, R.",Aug 2010,https://pureportal.coventry.ac.uk/en/publications/immune-senescence
91,Immunity in the Elderly: The Role of the Thymus,"Aspinall, R.",Jan 2010,https://pureportal.coventry.ac.uk/en/publications/immunity-in-the-elderly-the-role-of-the-thymus
92,Immunological pathogenesis of main age-related diseases and frailty: Role of immunosenescence,"Aspinall, R.",May 2010,https://pureportal.coventry.ac.uk/en/publications/immunological-pathogenesis-of-main-age-related-diseases-and-frail
93,Influenza vaccine effectiveness in aged individuals: The role played by cell-mediated immunity,"Aspinall, R.",Sept 2010,https://pureportal.coventry.ac.uk/en/publications/influenza-vaccine-effectiveness-in-aged-individuals-the-role-play
94,Tracing thymic output in older individuals,"Aspinall, R.",Sept 2010,https://pureportal.coventry.ac.uk/en/publications/tracing-thymic-output-in-older-individuals
95,B-cell responses to vaccination at the extremes of age,"Aspinall, R.",1 Mar 2009,https://pureportal.coventry.ac.uk/en/publications/b-cell-responses-to-vaccination-at-the-extremes-of-age
96,Influenza control in the 21st century: Optimizing protection of older adults,"Aspinall, R.",13 Aug 2009,https://pureportal.coventry.ac.uk/en/publications/influenza-control-in-the-21st-century-optimizing-protection-of-ol
97,Interleukin-7 and immunorejuvenation,"Aspinall, R.",2009,https://pureportal.coventry.ac.uk/en/publications/interleukin-7-and-immunorejuvenation
98,"Reversal of age-associated thymic atrophy: Treatments, delivery, and side effects","Aspinall, R.",Jul 2008,https://pureportal.coventry.ac.uk/en/publications/reversal-of-age-associated-thymic-atrophy-treatments-delivery-and
99,"Zinc, metallothioneins, longevity: Effect of zinc supplementation on antioxidant response: A zincage study",,28 Apr 2008,https://pureportal.coventry.ac.uk/en/publications/zinc-metallothioneins-longevity-effect-of-zinc-supplementation-on
100,Challenges for vaccination in the elderly,"Aspinall, R.",11 Dec 2007,https://pureportal.coventry.ac.uk/en/publications/challenges-for-vaccination-in-the-elderly
101,A Serious Game for Patients With Eating Disorders (Maze Out): Pilot User Experience and Acceptance Study,"Bul, K.",27 Jan 2023,https://pureportal.coventry.ac.uk/en/publications/a-serious-game-for-patients-with-eating-disorders-maze-out-pilot-
102,Can eHealth applications improve renal transplant outcomes for adolescents and young adults?  A systematic review,"Bul, K.",10 May 2023,https://pureportal.coventry.ac.uk/en/publications/can-ehealth-applications-improve-renal-transplant-outcomes-for-ad
103,Perceived Support from Best Friends and Depressive Symptoms During Adolescence: Disentangling Personal from Dyadic Level Effects:  Disentangling Individual from Dyadic Level Effects,"Bul, K.",Apr 2023,https://pureportal.coventry.ac.uk/en/publications/perceived-support-from-best-friends-and-depressive-symptoms-durin
104,The moderating role of Co-rumination on the Association between Friend Support and Adolescent emotional Distress,"Bul, K.",31 Jan 2023,https://pureportal.coventry.ac.uk/en/publications/the-moderating-role-of-co-rumination-on-the-association-between-f
105,The role of anxiety and depression in suicidal thoughts for autistic and non‐autistic people: A theory‐driven network analysis,"Pelton, M.",12 Jun 2023,https://pureportal.coventry.ac.uk/en/publications/the-role-of-anxiety-and-depression-in-suicidal-thoughts-for-autis
106,Usability and preliminary efficacy of an AI-driven platform supporting dietary management in diabetes: A mixed-method study,"Bul, K.",16 Apr 2023,https://pureportal.coventry.ac.uk/en/publications/usability-and-preliminary-efficacy-of-an-ai-driven-platform-suppo-2
107,Usability and preliminary efficacy of an AI-driven platform supporting dietary management in diabetes: A mixed-method study,"Bul, K.",21 Nov 2022,https://pureportal.coventry.ac.uk/en/publications/usability-and-preliminary-efficacy-of-an-ai-driven-platform-suppo
108,Naar de middelbare school als je ASS hebt,"Bul, K.",10 Sept 2021,https://pureportal.coventry.ac.uk/en/publications/naar-de-middelbare-school-als-je-ass-hebt
109,"Wetenschap en praktijk: gids voor (aankomende) professionals in zorg, welzijn en sociaal werk","Bul, K.",13 Jan 2021,https://pureportal.coventry.ac.uk/en/publications/wetenschap-en-praktijk-gids-voor-aankomende-professionals-in-zorg
110,A Mobile Phone Intervention to Improve Obesity-Related Health Behaviors of Adolescents Across Europe: Iterative Co-Design and Feasibility Study,"Bul, K.",2 Mar 2020,https://pureportal.coventry.ac.uk/en/publications/a-mobile-phone-intervention-to-improve-obesity-related-health-beh
111,From development to exploitation of digital health solutions: Lessons learnt through multidisciplinary research and consultancy,"Bul, K.",9 Dec 2020,https://pureportal.coventry.ac.uk/en/publications/from-development-to-exploitation-of-digital-health-solutions-less
112,Board Games for Health: A Systematic Literature Review and Meta-Analysis,"Bul, K.",8 Apr 2019,https://pureportal.coventry.ac.uk/en/publications/board-games-for-health-a-systematic-literature-review-and-meta-an
113,Large expert-curated database for benchmarking document similarity detection in biomedical literature search,,29 Oct 2019,https://pureportal.coventry.ac.uk/en/publications/large-expert-curated-database-for-benchmarking-document-similarit
114,A serious game for children with Attention Deficit Hyperactivity Disorder: Who benefits the most?,"Bul, K.",15 Mar 2018,https://pureportal.coventry.ac.uk/en/publications/a-serious-game-for-children-with-attention-deficit-hyperactivity-
115,BTS conference - Using the Japanese KJ Ho method as a qualitative creative problem solving technique to address clinicians’ and young kidney transplant patients’ needs concerning treatment,"Bul, K.",16 Mar 2018,https://pureportal.coventry.ac.uk/en/publications/bts-conference-using-the-japanese-kj-ho-method-as-a-qualitative-c
116,Design and Evaluation of a Pervasive Coaching and Gamification Platform for Young Diabetes Patients,"Bul, K.",30 Jan 2018,https://pureportal.coventry.ac.uk/en/publications/design-and-evaluation-of-a-pervasive-coaching-and-gamification-pl
117,TTS conference - Using the Japanese KJ Ho method as a qualitative creative problem solving technique to address clinicians’ and young kidney transplant patients’ needs concerning treatment,"Bul, K.",3 Jul 2018,https://pureportal.coventry.ac.uk/en/publications/tts-conference-using-the-japanese-kj-ho-method-as-a-qualitative-c
118,Promoting healthy adolescent lifestyles through serious games: Enacting a multidisciplinary approach,"Dunwell, I.",4 Mar 2017,https://pureportal.coventry.ac.uk/en/publications/promoting-healthy-adolescent-lifestyles-through-serious-games-ena
119,Behavioral Outcome Effects of Serious Gaming as an Adjunct to Treatment for Children With Attention-Deficit/Hyperactivity Disorder: A Randomized Controlled Trial,"Bul, K.",16 Feb 2016,https://pureportal.coventry.ac.uk/en/publications/behavioral-outcome-effects-of-serious-gaming-as-an-adjunct-to-tre-2
120,Let them play:  Experiences in the wild with a gamification and coaching system for young diabetes patients,"Bul, K.",23 May 2016,https://pureportal.coventry.ac.uk/en/publications/let-them-play-experiences-in-the-wild-with-a-gamification-and-coa
121,PERGAMON: A serious game and digital coaching platform supporting patients and healthcare professionals: A serious game and digital coaching platform supporting patients and healthcare professionals,"Bul, K.",5 Oct 2016,https://pureportal.coventry.ac.uk/en/publications/pergamon-a-serious-game-and-digital-coaching-platform-supporting-
122,Translating open data to educational minigames,"Dunwell, I.",24 Nov 2016,https://pureportal.coventry.ac.uk/en/publications/translating-open-data-to-educational-minigames-2
123,"Development and User Satisfaction of “Plan-It Commander,” a Serious Game for Children with ADHD","Bul, K.",28 Aug 2015,https://pureportal.coventry.ac.uk/en/publications/development-and-user-satisfaction-of-plan-it-commander-a-serious--2
124,ADHD is a risk factor for overweight and obesity in children.,"Bul, K.",Apr 2013,https://pureportal.coventry.ac.uk/en/publications/adhd-is-a-risk-factor-for-overweight-and-obesity-in-children
125,Behavior problems in relation to sustained selective attention skills of moderately preterm children.,"Bul, K.",Apr 2012,https://pureportal.coventry.ac.uk/en/publications/behavior-problems-in-relation-to-sustained-selective-attention-sk
126,Needs of parents and carers of children and young people with mental health difficulties:  protocol for a systematic review,"Dahmash, D.",16 Feb 2023,https://pureportal.coventry.ac.uk/en/publications/needs-of-parents-and-carers-of-children-and-young-people-with-men
127,A phantom study of a protective trolley for neonatal radiographic imaging: new equipment to protect the operator from scatter radiation,"Liu, H.",Feb 2023,https://pureportal.coventry.ac.uk/en/publications/a-phantom-study-of-a-protective-trolley-for-neonatal-radiographic
128,Cerebral Hemodynamics Underlying Artery-to-Artery Embolism in Symptomatic Intracranial Atherosclerotic Disease,"Liu, H.",10 Mar 2023,https://pureportal.coventry.ac.uk/en/publications/cerebral-hemodynamics-underlying-artery-to-artery-embolism-in-sym
129,Early diagnosis of coronary microvascular dysfunction by myocardial contrast stress echocardiography,"Liu, H.",21 Feb 2023,https://pureportal.coventry.ac.uk/en/publications/early-diagnosis-of-coronary-microvascular-dysfunction-by-myocardi
130,Effect of Filtering on Pulse Wave Transit Time Measured by Photoplethysmography,"Liu, H.",3 Apr 2023,https://pureportal.coventry.ac.uk/en/publications/effect-of-filtering-on-pulse-wave-transit-time-measured-by-photop
131,Effect of intracranial pressure on photoplethysmographic waveform in different cerebral perfusion territories: A computational study,"Liu, H.",16 Mar 2023,https://pureportal.coventry.ac.uk/en/publications/effect-of-intracranial-pressure-on-photoplethysmographic-waveform
132,Efficacy assessment of superficial temporal artery-middle cerebral artery bypass surgery in treating moyamoya disease from a hemodynamic perspective: a pilot study using computational modeling and perfusion imaging,"Liu, H.",Mar 2023,https://pureportal.coventry.ac.uk/en/publications/efficacyassessment-of-superficial-temporal-artery-middle-cerebral
133,Entropy-based reliable non-invasive detection of coronary microvascular dysfunction using machine learning algorithm,"Zheng, D.",5 Jun 2023,https://pureportal.coventry.ac.uk/en/publications/entropy-based-reliable-non-invasive-detection-of-coronary-microva
134,Hospitalization Patient Forecasting Based on Multi–Task Deep Learning,"Liu, H.",1 Mar 2023,https://pureportal.coventry.ac.uk/en/publications/hospitalization-patient-forecasting-based-on-multitask-deep-learn
135,Leadless pacemaker implantation and azygos continuation in the inferior vena cava: a case description,"Liu, H.",1 Apr 2023,https://pureportal.coventry.ac.uk/en/publications/leadless-pacemaker-implantation-and-azygos-continuation-in-the-in
136,Predictive Value of CT Perfusion in Hemorrhagic Transformation after Acute Ischemic Stroke: A Systematic Review and Meta-Analysis,"Liu, H.",16 Jan 2023,https://pureportal.coventry.ac.uk/en/publications/predictive-value-of-ct-perfusion-in-hemorrhagic-transformation-af
137,Real-Time Evaluation of Time-Domain Pulse Rate Variability Parameters in Different Postures and Breathing Patterns Using Wireless Photoplethysmography Sensor: Towards Remote Healthcare in Low-Resource Communities,"Liu, H.",24 Apr 2023,https://pureportal.coventry.ac.uk/en/publications/real-time-evaluation-of-time-domain-pulse-rate-variability-parame
138,Risk stratification in symptomatic intracranial atherosclerotic disease with conventional vascular risk factors and cerebral haemodynamics,"Liu, H.",Feb 2023,https://pureportal.coventry.ac.uk/en/publications/risk-stratification-in-symptomatic-intracranial-atherosclerotic-d
139,A preliminary observation on rod cell photobiomodulation in treating diabetic macular edema,"Liu, H.",26 Apr 2022,https://pureportal.coventry.ac.uk/en/publications/a-preliminary-observation-on-rod-cell-photobiomodulation-in-treat
140,A Wearable Swallowing Recognition System Based on Motion and Dual Photoplethysmography Sensing of Laryngeal Movements,"Liu, H.",8 Sept 2022,https://pureportal.coventry.ac.uk/en/publications/a-wearable-swallowing-recognition-system-based-on-motion-and-dual
141,Case Report: New Application of a Gufoni Maneuver Variation for Apogeotropic Lateral Semicircular Canal Benign Paroxysmal Positional Vertigo,"Liu, H.",10 Jun 2022,https://pureportal.coventry.ac.uk/en/publications/case-report-new-application-of-a-gufoni-maneuver-variation-for-ap
142,Changes of oscillogram envelope maximum with blood pressure and aging: a quantitative observation,"Liu, H.",1 Dec 2022,https://pureportal.coventry.ac.uk/en/publications/changes-of-oscillogram-envelope-maximum-with-blood-pressure-and-a
143,Effect of microcirculatory dysfunction on coronary hemodynamics: A pilot study based on computational fluid dynamics simulation,"Liu, H.",Jul 2022,https://pureportal.coventry.ac.uk/en/publications/effect-of-microcirculatory-dysfunction-on-coronary-hemodynamics-a
144,Effects of stent shape on focal hemodynamics in intracranial atherosclerotic stenosis: A simulation study with computational fluid dynamics modeling,"Liu, H.",13 Dec 2022,https://pureportal.coventry.ac.uk/en/publications/effects-of-stent-shape-on-focal-hemodynamics-in-intracranial-athe
145,Fine-Grained Assessment of COVID-19 Severity Based on Clinico-Radiological Data Using Machine Learning,"Liu, H.",26 Aug 2022,https://pureportal.coventry.ac.uk/en/publications/fine-grained-assessment-of-covid-19-severity-based-on-clinico-rad
146,Index of microcirculatory resistance: state-of-the-art and potential applications in computational simulation of coronary artery disease,"Liu, H.",28 Feb 2022,https://pureportal.coventry.ac.uk/en/publications/index-of-microcirculatory-resistance-state-of-the-art-and-potenti
147,Multiple Participants’ Discrete Activity Recognition in a Well-Controlled Environment Using Universal Software Radio Peripheral Wireless Sensing,"Saeed, U.",21 Jan 2022,https://pureportal.coventry.ac.uk/en/publications/multiple-participants-discrete-activity-recognition-in-a-well-con
148,Neural Entrainment to Rhythms of Imagined Syllables,"Liu, H.",8 Sept 2022,https://pureportal.coventry.ac.uk/en/publications/neural-entrainment-to-rhythms-of-imagined-syllables
149,Photoplethysmography temporal marker-based machine learning classifier for anesthesia drug detection,"Liu, H.",Nov 2022,https://pureportal.coventry.ac.uk/en/publications/photoplethysmography-temporal-marker-based-machine-learning-class
150,Potential risk factors of persistent postural-perceptual dizziness: a pilot study,"Liu, H.",Jun 2022,https://pureportal.coventry.ac.uk/en/publications/potential-risk-factors-of-persistent-postural-perceptual-dizzines
151,Reliable Detection of Myocardial Ischemia Using Machine Learning Based on Temporal-Spatial Characteristics of Electrocardiogram and Vectorcardiogram,"Liu, H.",30 May 2022,https://pureportal.coventry.ac.uk/en/publications/reliable-detection-of-myocardial-ischemia-using-machine-learning-
152,Uterus Modeling from Cell to Organ Level: towards Better Understanding of Physiological Basis of Uterine Activity,"Xu, Y.",2022,https://pureportal.coventry.ac.uk/en/publications/uterus-modeling-from-cell-to-organ-level-towards-better-understan
153,Validation of Computational Simulation for Tumor-treating Fields with Homogeneous Phantom,"Liu, H.",8 Sept 2022,https://pureportal.coventry.ac.uk/en/publications/validation-of-computational-simulation-for-tumor-treating-fields-
154,基于社区移动医疗的心律失常筛查方案真实世界研究,"Liu, H.",27 Sept 2022,https://pureportal.coventry.ac.uk/en/publications/%E5%9F%BA%E4%BA%8E%E7%A4%BE%E5%8C%BA%E7%A7%BB%E5%8A%A8%E5%8C%BB%E7%96%97%E7%9A%84%E5%BF%83%E5%BE%8B%E5%A4%B1%E5%B8%B8%E7%AD%9B%E6%9F%A5%E6%96%B9%E6%A1%88%E7%9C%9F%E5%AE%9E%E4%B8%96%E7%95%8C%E7%A0%94%E7%A9%B6
155,Clinical Evaluation of Respiratory Rate Measurements on COPD (Male) Patients Using Wearable Inkjet-Printed Sensor,"Liu, H.",11 Jan 2021,https://pureportal.coventry.ac.uk/en/publications/clinical-evaluation-of-respiratory-rate-measurements-on-copd-male
156,Clinical evaluation of stretchable and wearable inkjet-printed strain gauge sensor for respiratory rate monitoring at different measurements locations,"Liu, H.",May 2021,https://pureportal.coventry.ac.uk/en/publications/clinical-evaluation-of-stretchable-and-wearable-inkjet-printed-st
157,Comparison of Newtonian and Non-newtonian Fluid Models in Blood Flow Simulation in Patients With Intracranial Arterial Stenosis,"Liu, H.",6 Sept 2021,https://pureportal.coventry.ac.uk/en/publications/comparison-of-newtonian-and-non-newtonian-fluid-models-in-blood-f
158,Consistency in Geometry Among Coronary Atherosclerotic Plaques Extracted From Computed Tomography Angiography,"Liu, H.",12 Oct 2021,https://pureportal.coventry.ac.uk/en/publications/consistency-in-geometry-among-coronary-atherosclerotic-plaques-ex
159,"Corrigendum: Comparison of Newtonian and Non-newtonian Fluid Models in Blood Flow Simulation in Patients With Intracranial Arterial Stenosis (Front. Physiol., (2021), 12, (718540), 10.3389/fphys.2021.718540)","Liu, H.",19 Oct 2021,https://pureportal.coventry.ac.uk/en/publications/corrigendum-comparison-of-newtonian-and-non-newtonian-fluid-model
160,Deep learning based photoplethysmography classification for peripheral arterial disease detection: a proof-of-concept study,"Allen, J.",17 Jun 2021,https://pureportal.coventry.ac.uk/en/publications/deep-learning-based-photoplethysmography-classification-for-perip
161,Extraction of Coronary Atherosclerotic Plaques From Computed Tomography Imaging: A Review of Recent Methods,"Liu, H.",10 Feb 2021,https://pureportal.coventry.ac.uk/en/publications/extraction-of-coronary-atherosclerotic-plaques-from-computed-tomo
162,Filtering-induced time shifts in photoplethysmography pulse features measured at different body sites: the importance of filter definition and standardization,"Liu, H.",28 Jul 2021,https://pureportal.coventry.ac.uk/en/publications/filtering-induced-time-shifts-in-photoplethysmography-pulse-featu
163,"Response by Lan et al to Letter Regarding Article, “Regional High Wall Shear Stress Associated With Stenosis Regression in Symptomatic Intracranial Atherosclerotic Disease”","Liu, H.",25 Jan 2021,https://pureportal.coventry.ac.uk/en/publications/response-by-lan-et-al-to-letter-regarding-article-regional-high-w
164,Clinical evaluation of stretchable and wearable inkjet-printed strain gauge sensor for respiratory rate monitoring at different body postures,"Liu, H.",9 Jan 2020,https://pureportal.coventry.ac.uk/en/publications/clinical-evaluation-of-stretchable-and-wearable-inkjet-printed-st-2
165,Comparison of different modulations of photoplethysmography in extracting respiratory rate: from a physiological perspective,"Liu, H.",1 Oct 2020,https://pureportal.coventry.ac.uk/en/publications/comparison-of-different-modulations-of-photoplethysmography-in-ex
166,Cuffless Blood Pressure Estimation Using Single Channel Photoplethysmography: A Two-Step Method,"Liu, H.",2020,https://pureportal.coventry.ac.uk/en/publications/cuffless-blood-pressure-estimation-using-single-channel-photoplet
167,Dataset on Blood Flow and Instantaneous Wave-free Ratio in Normal and Stenosed Coronary Arteries,"Liu, H.",Oct 2020,https://pureportal.coventry.ac.uk/en/publications/dataset-on-blood-flow-and-instantaneous-wave-free-ratio-in-normal
168,Effect of microcirculatory resistance on coronary blood flow and instantaneous wave-free ratio: A computational study,"Liu, H.",1 Nov 2020,https://pureportal.coventry.ac.uk/en/publications/effect-of-microcirculatory-resistance-on-coronary-blood-flow-and-
169,Influences of Sensor Placement Site and Subject Posture on Measurement of Respiratory Frequency Using Triaxial Accelerometers,"Liu, H.",9 Jul 2020,https://pureportal.coventry.ac.uk/en/publications/influences-of-sensor-placement-site-and-subject-posture-on-measur
170,Microaneurysms detection in color fundus images using machine learning based on directional local contrast,"Liu, H.",15 Apr 2020,https://pureportal.coventry.ac.uk/en/publications/microaneurysms-detection-in-color-fundus-images-using-machine-lea
171,Regional High Wall Shear Stress Associated With Stenosis Regression in Symptomatic Intracranial Atherosclerotic Disease,"Liu, H.",1 Oct 2020,https://pureportal.coventry.ac.uk/en/publications/regional-high-wall-shear-stress-associated-with-stenosis-regressi
172,Significance of considering respiratory movement in estimating sleep stage,"Liu, H.",18 Mar 2020,https://pureportal.coventry.ac.uk/en/publications/significance-of-considering-respiratory-movement-in-estimating-sl
173,State-of-the-Art Computational Models of Circle of Willis With Physiological Applications: A Review,"Liu, H.",7 Jul 2020,https://pureportal.coventry.ac.uk/en/publications/state-of-the-art-computational-models-of-circle-of-willis-with-ph
174,Sustaining cerebral perfusion in intracranial atherosclerotic stenosis: The roles of antegrade residual flow and leptomeningeal collateral flow,"Liu, H.",1 Jan 2020,https://pureportal.coventry.ac.uk/en/publications/sustaining-cerebral-perfusion-in-intracranial-atherosclerotic-ste
175,Fabrication and Evaluation of a Novel Non-Invasive Stretchable and Wearable Respiratory Rate Sensor Based on Silver Nanoparticles Using Inkjet Printing Technology,"Liu, H.",18 Sept 2019,https://pureportal.coventry.ac.uk/en/publications/fabrication-and-evaluation-of-a-novel-non-invasive-stretchable-an
176,Hemodynamics and stroke risk in intracranial atherosclerotic disease,,May 2019,https://pureportal.coventry.ac.uk/en/publications/hemodynamics-and-stroke-risk-in-intracranial-atherosclerotic-dise
177,"Contactless WiFi Sensing and Monitoring for Future Healthcare: Emerging Trends, Challenges and Opportunities","Shah, S. A.",2023,https://pureportal.coventry.ac.uk/en/publications/contactless-wifi-sensing-and-monitoring-for-future-healthcare-eme
178,Enhancing System Performance through Objective Feature Scoring of Multiple Persons’ Breathing Using Non-Contact RF Approach,"Shah, S. A.",Feb 2023,https://pureportal.coventry.ac.uk/en/publications/enhancing-system-performance-through-objective-feature-scoring-of
179,AI-Driven Lightweight Real-Time SDR Sensing System for Anomalous Respiration Identification using Ensemble Learning,"Shah, S. A.",Dec 2022,https://pureportal.coventry.ac.uk/en/publications/ai-driven-lightweight-real-time-sdr-sensing-system-for-anomalous-
180,Automated Grading of Diabetic Macular Edema Using Color Retinal Photographs,"Shah, S. A.",May 2022,https://pureportal.coventry.ac.uk/en/publications/automated-grading-of-diabetic-macular-edema-using-color-retinal-p
181,Data portability for activities of daily living and fall detection in different environments using radar micro-doppler,"Shah, S. A.",May 2022,https://pureportal.coventry.ac.uk/en/publications/data-portability-for-activities-of-daily-living-and-fall-detectio
182,DBGC: Dimension-Based Generic Convolution Block for Object Recognition,"Shah, S. A.",24 Feb 2022,https://pureportal.coventry.ac.uk/en/publications/dbgc-dimension-based-generic-convolution-block-for-object-recogni
183,Design and Evaluation of a Button Sensor Antenna for On-Body Monitoring Activity in Healthcare Applications,"Shah, S. A.",20 Mar 2022,https://pureportal.coventry.ac.uk/en/publications/design-and-evaluation-of-a-button-sensor-antenna-for-on-body-moni
184,Development of an Intelligent Real-time Multi-Person Respiratory Illnesses Sensing System using SDR Technology,"Shah, S. A.",10 Aug 2022,https://pureportal.coventry.ac.uk/en/publications/development-of-an-intelligent-real-time-multi-person-respiratory-
185,DRaNN_PSO: A deep random neural network with particle swarm optimization for intrusion detection in the industrial internet of things,"Shah, S. A.",Nov 2022,https://pureportal.coventry.ac.uk/en/publications/drannpso-a-deep-random-neural-network-with-particle-swarm-optimiz
186,Explainable Malware Detection System Using Transformers-Based Transfer Learning and Multi-Model Visual Representation,"Shah, S. A.",7 Sept 2022,https://pureportal.coventry.ac.uk/en/publications/explainable-malware-detection-system-using-transformers-based-tra
187,Intelligent Reflecting Surface Based Non-LOS Human Activity Recognition for Next Generation 6G-Enabled Healthcare System,"Shah, S. A.",Sept 2022,https://pureportal.coventry.ac.uk/en/publications/intelligent-reflecting-surface-based-non-los-human-activity-recog
188,IoT Based Fall Detection System for Elderly Healthcare,"Shah, S. A.",25 Feb 2022,https://pureportal.coventry.ac.uk/en/publications/iot-based-fall-detection-system-for-elderly-healthcare
189,Machine learning empowered COVID-19 patient monitoring using non-contact sensing: An extensive review,"Saeed, U.",Apr 2022,https://pureportal.coventry.ac.uk/en/publications/machine-learning-empowered-covid-19-patient-monitoring-using-non-
190,Microwave and Terahertz Sensing,"Shah, S. A.",1 Jan 2022,https://pureportal.coventry.ac.uk/en/publications/microwave-and-terahertz-sensing
191,Monitoring Discrete Activities of Daily Living of Young & Older Adults using 5.8 GHz Frequency Modulated Continuous Wave Radar and ResNet Algorithm,"Saeed, U.",2022,https://pureportal.coventry.ac.uk/en/publications/monitoring-discrete-activities-of-daily-living-of-young-amp-older
192,Multiple Participants’ Discrete Activity Recognition in a Well-Controlled Environment Using Universal Software Radio Peripheral Wireless Sensing,"Saeed, U.",21 Jan 2022,https://pureportal.coventry.ac.uk/en/publications/multiple-participants-discrete-activity-recognition-in-a-well-con
193,Novel Privacy Preserving Non-Invasive Sensing-Based Diagnoses of Pneumonia Disease Leveraging Deep Network Model,"Shah, S. A.",8 Jan 2022,https://pureportal.coventry.ac.uk/en/publications/novel-privacy-preserving-non-invasive-sensing-based-diagnoses-of-
194,"Personalized wearable electrodermal sensing-based human skin hydration level detection for sports, health and wellbeing","Shah, S. A.",8 Mar 2022,https://pureportal.coventry.ac.uk/en/publications/personalized-wearable-electrodermal-sensing-based-human-skin-hydr
195,Real-Time Human Activity Recognition System Exploiting Ubiquitous Wi-Fi Signals,"Shah, S. A.",16 Feb 2022,https://pureportal.coventry.ac.uk/en/publications/real-time-human-activity-recognition-system-exploiting-ubiquitous
196,RF Based Real Time Human Motion Sensing,"Shah, S. A.",16 Feb 2022,https://pureportal.coventry.ac.uk/en/publications/rf-based-real-time-human-motion-sensing
197,UWB Radar Sensing for Respiratory Monitoring Exploiting Time- Frequency Spectrograms,"Saeed, U.",May 2022,https://pureportal.coventry.ac.uk/en/publications/uwb-radar-sensing-for-respiratory-monitoring-exploiting-time-freq
198,Wireless Sensing for Human Activity Recognition Using USRP,"Shah, S. A.",11 Feb 2022,https://pureportal.coventry.ac.uk/en/publications/wireless-sensing-for-human-activity-recognition-using-usrp
199,Clone detection in 5G-enabled social IoT system using graph semantics and deep learning model,"Shah, S. A.",Nov 2021,https://pureportal.coventry.ac.uk/en/publications/clone-detection-in-5g-enabled-social-iot-system-using-graph-seman
200,Contactless Small-Scale Movement Monitoring System Using Software Defined Radio for Early Diagnosis of COVID-19,"Shaha, S. A.",1 Aug 2021,https://pureportal.coventry.ac.uk/en/publications/contactless-small-scale-movement-monitoring-system-using-software
201,Data Aggregation and Privacy Preserving Using Computational Intelligence,"Shah, S. A.",Jun 2021,https://pureportal.coventry.ac.uk/en/publications/data-aggregation-and-privacy-preserving-using-computational-intel
202,Design of 15W X-Band GaN Based Transmit / Receive Module for Airborne Active Phased Array Radar Applications,"Shah, S. A.",27 Jul 2021,https://pureportal.coventry.ac.uk/en/publications/design-of-15w-x-band-gan-based-transmit-receive-module-for-airbor
203,Design of High-Performance X-Band Monopulse Comparator for Active Phased Array Radar Applications,"Shah, S. A.",4 Jul 2021,https://pureportal.coventry.ac.uk/en/publications/design-of-high-performance-x-band-monopulse-comparator-for-active
204,Design of Portable Exoskeleton Forearm for Rehabilitation of Monoparesis Patients Using Tendon Flexion Sensing Mechanism for Health Care Applications,"Shah, S. A.",27 May 2021,https://pureportal.coventry.ac.uk/en/publications/design-of-portable-exoskeleton-forearm-for-rehabilitation-of-mono
205,Discrete Human Activity Recognition and Fall Detection by Combining FMCW RADAR Data of Heterogeneous Environments For Independent Assistive Living,"Saeed, U.",12 Sept 2021,https://pureportal.coventry.ac.uk/en/publications/discrete-human-activity-recognition-and-fall-detection-by-combini
206,Editorial for the Special Issue on Security and Sensing Devices for Healthcare Technologies,"Shah, S. A.",27 Aug 2021,https://pureportal.coventry.ac.uk/en/publications/editorial-for-the-special-issue-on-security-and-sensing-devices-f
207,Granular Data Access Control with a Patient-Centric Policy Update for Healthcare,"Shah, S. A.",20 May 2021,https://pureportal.coventry.ac.uk/en/publications/granular-data-access-control-with-a-patient-centric-policy-update
208,High Efficiency High Gain DC-DC Boost Converter Using PID Controller for Photovoltaic Applications,"Shah, S. A.",27 Jul 2021,https://pureportal.coventry.ac.uk/en/publications/high-efficiency-high-gain-dc-dc-boost-converter-using-pid-control
209,Hybrid Workload Enabled and Secure Healthcare Monitoring Sensing Framework in Distributed Fog-Cloud Network,"Shah, S. A.",17 Aug 2021,https://pureportal.coventry.ac.uk/en/publications/hybrid-workload-enabled-and-secure-healthcare-monitoring-sensing-
210,Improving Machine Learning Classification Accuracy for Breathing Abnormalities by Enhancing Dataset,"Shah, S. A.",12 Oct 2021,https://pureportal.coventry.ac.uk/en/publications/improving-machine-learning-classification-accuracy-for-breathing-
211,JPEG Image Compression Using Multiple Core Strategy in FPGA achieving High Peak Signal to Noise Ratios,"Shah, S. A.",27 Jul 2021,https://pureportal.coventry.ac.uk/en/publications/jpeg-image-compression-using-multiple-core-strategy-in-fpga-achie
212,Noninvasive Detection of Respiratory Disorder Due to COVID-19 at the Early Stages in Saudi Arabia,"Shah, S. A.",5 Nov 2021,https://pureportal.coventry.ac.uk/en/publications/noninvasive-detection-of-respiratory-disorder-due-to-covid-19-at-
213,Novel Ensemble Algorithm for Multiple Activity Recognition in Elderly People Exploiting Ubiquitous Sensing Devices,"Shah, S. A.",15 Aug 2021,https://pureportal.coventry.ac.uk/en/publications/novel-ensemble-algorithm-for-multiple-activity-recognition-in-eld
214,Performance Enhancement and Size Reduction of Vivaldi Antenna Using Defected Ground Structure for Active Phased Array Radar Applications,"Shah, S. A.",4 Jul 2021,https://pureportal.coventry.ac.uk/en/publications/performance-enhancement-and-size-reduction-of-vivaldi-antenna-usi
215,Portable UWB RADAR Sensing System for Transforming Subtle Chest Movement into Actionable Micro-Doppler Signatures to Extract Respiratory Rate Exploiting ResNet Algorithm,"Saeed, U.",15 Oct 2021,https://pureportal.coventry.ac.uk/en/publications/portable-uwb-radar-sensing-system-for-transforming-subtle-chest-m
216,Privacy-Preserving Wandering Behaviour Sensing in Dementia Patients using Modiﬁed Logistic and Dynamic Newton Leipnik Maps,"Shah, S. A.",1 Feb 2021,https://pureportal.coventry.ac.uk/en/publications/privacy-preserving-wandering-behaviour-sensing-in-dementia-patien
217,Radar Sensing for Activity Classification in Elderly People Exploiting Micro-Doppler Signatures using Machine Learning,"Shah, S. A.",4 Jun 2021,https://pureportal.coventry.ac.uk/en/publications/radar-sensing-for-activity-classification-in-elderly-people-explo
218,RF Sensing Based Breathing Patterns Detection Leveraging USRP Devices,"Shah, S. A.",2 Jun 2021,https://pureportal.coventry.ac.uk/en/publications/rf-sensing-based-breathing-patterns-detection-leveraging-usrp-dev
219,RF sensing for healthcare applications,"Shah, S. A.",8 Jun 2021,https://pureportal.coventry.ac.uk/en/publications/rf-sensing-for-healthcare-applications
220,Wireless Channel Modelling for Identifying Six Types of Respiratory Patterns with SDR Sensing and Deep Multilayer Perceptron,"Saeed, U.",15 Sept 2021,https://pureportal.coventry.ac.uk/en/publications/wireless-channel-modelling-for-identifying-six-types-of-respirato
221,An Intelligent Non-Invasive Real-Time Human Activity Recognition System for Next-Generation Healthcare,"Shah, S.",6 May 2020,https://pureportal.coventry.ac.uk/en/publications/an-intelligent-non-invasive-real-time-human-activity-recognition-
222,A Novel Hybrid Secure Image Encryption Based on Julia Set of Fractals and 3D Lorenz Chaotic Map,"Shah, S.",28 Feb 2020,https://pureportal.coventry.ac.uk/en/publications/a-novel-hybrid-secure-image-encryption-based-on-julia-set-of-frac
223,A novel secure occupancy monitoring scheme based on multi-chaos mapping,"Shah, S.",1 Mar 2020,https://pureportal.coventry.ac.uk/en/publications/a-novel-secure-occupancy-monitoring-scheme-based-on-multi-chaos-m
224,A review of the state of the art in non-contact sensing for covid-19,"Shah, S. A.",3 Oct 2020,https://pureportal.coventry.ac.uk/en/publications/a-review-of-the-state-of-the-art-in-non-contact-sensing-for-covid
225,Chaos‐based privacy preserving vehicle safety protocol for 5G Connected Autonomous Vehicle networks,"Shah, S.",14 May 2020,https://pureportal.coventry.ac.uk/en/publications/chaosbased-privacy-preserving-vehicle-safety-protocol-for-5g-conn
226,Chaos Theory and its Application: An Essential Framework for Image Encryption,"Shah, S.",30 Jun 2020,https://pureportal.coventry.ac.uk/en/publications/chaos-theory-and-its-application-an-essential-framework-for-image
227,The long-term effects of Kerala Diabetes Prevention Program on diabetes incidence and cardiometabolic risk: a study protocol,"Tapp, R.",22 Mar 2023,https://pureportal.coventry.ac.uk/en/publications/the-long-term-effects-of-kerala-diabetes-prevention-program-on-di
228,Retinal microvascular associations with cardiometabolic risk factors differ by diabetes status: results from the UK Biobank,"Tapp, R. J.",Oct 2022,https://pureportal.coventry.ac.uk/en/publications/retinal-microvascular-associations-with-cardiometabolic-risk-fact
229,Do lifestyle interventions reduce diabetes incidence in people with isolated impaired fasting glucose?,"Tapp, R. J.",Dec 2021,https://pureportal.coventry.ac.uk/en/publications/do-lifestyle-interventions-reduce-diabetes-incidence-in-people-wi
230,Genome-wide meta-analysis identifies 127 open-angle glaucoma loci with consistent effect across ancestries,,24 Feb 2021,https://pureportal.coventry.ac.uk/en/publications/genome-wide-meta-analysis-identifies-127-open-angle-glaucoma-loci
231,Investigation of associations between retinal microvascular parameters and albuminuria in UK Biobank: a cross-sectional case-control study,"Tapp, R.",25 Feb 2021,https://pureportal.coventry.ac.uk/en/publications/investigation-of-associations-between-retinal-microvascular-param
232,Potential metabolic and inflammatory pathways between COVID-19 and new-onset diabetes,"Tapp, R.",Mar 2021,https://pureportal.coventry.ac.uk/en/publications/potential-metabolic-and-inflammatory-pathways-between-covid-19-an
233,Proportion of newly diagnosed diabetes in COVID-19 patients: a systematic review and meta-analysis,"Tapp, R. J.",Mar 2021,https://pureportal.coventry.ac.uk/en/publications/proportion-of-newly-diagnosed-diabetes-in-covid-19-patients-a-sys
234,Benefit of lifestyle-based T2DM prevention is influenced by prediabetes phenotype,"Tapp, R. J.",Jul 2020,https://pureportal.coventry.ac.uk/en/publications/benefit-of-lifestyle-based-t2dm-prevention-is-influenced-by-predi
235,Cost-effectiveness of a lifestyle intervention in high-risk individuals for diabetes in a low- and middle-income setting: Trial-based analysis of the Kerala Diabetes Prevention Program,"Tapp, R. J.",4 Sept 2020,https://pureportal.coventry.ac.uk/en/publications/cost-effectiveness-of-a-lifestyle-intervention-in-high-risk-indiv
236,Digital eye syndrome : COVID-19,,2020,https://pureportal.coventry.ac.uk/en/publications/digital-eye-syndrome-covid-19
237,Effect of a Peer-led Lifestyle Intervention on Individuals With Normal Weight Obesity: Insights From the Kerala Diabetes Prevention Program,"Tapp, R. J.",25 Jul 2020,https://pureportal.coventry.ac.uk/en/publications/effect-of-a-peer-led-lifestyle-intervention-on-individuals-with-n
238,Effects of a lifestyle intervention on cardiovascular risk among high-risk individuals for diabetes in a low- and middle-income setting: Secondary analysis of the Kerala Diabetes Prevention Program,"Tapp, R. J.",Oct 2020,https://pureportal.coventry.ac.uk/en/publications/effects-of-a-lifestyle-intervention-on-cardiovascular-risk-among-
239,Obesity indicators that best predict type 2 diabetes in an Indian population: insights from the Kerala Diabetes Prevention Program,"Tapp, R. J.",2020,https://pureportal.coventry.ac.uk/en/publications/obesity-indicators-that-best-predict-type-2-diabetes-in-an-indian
240,Prevalence of normal weight obesity and its associated cardio-metabolic risk factors - Results from the baseline data of the Kerala Diabetes Prevention Program (KDPP),"Tapp, R. J.",25 Aug 2020,https://pureportal.coventry.ac.uk/en/publications/prevalence-of-normal-weight-obesity-and-its-associated-cardio-met
241,Retinal Vascular Tortuosity and Diameter Associations with Adiposity and Components of Body Composition,"Tapp, R. J.",1 Sept 2020,https://pureportal.coventry.ac.uk/en/publications/retinal-vascular-tortuosity-and-diameter-associations-with-adipos
242,Associations of Retinal Microvascular Diameters and Tortuosity With Blood Pressure and Arterial Stiffness: United Kingdom Biobank,"Tapp, R. J.",Dec 2019,https://pureportal.coventry.ac.uk/en/publications/associations-of-retinal-microvascular-diameters-and-tortuosity-wi
243,Participant recruitment into a community-based diabetes prevention trial in India: Learnings from the Kerala Diabetes Prevention Program,"Tapp, R. J.",Sept 2019,https://pureportal.coventry.ac.uk/en/publications/participant-recruitment-into-a-community-based-diabetes-preventio
244,Targeted screening for prediabetes and undiagnosed diabetes in a community setting in India,"Tapp, R. J.",27 Jun 2019,https://pureportal.coventry.ac.uk/en/publications/targeted-screening-for-prediabetes-and-undiagnosed-diabetes-in-a-
245,A peer-support lifestyle intervention for preventing type 2 diabetes in India: A cluster-randomized controlled trial of the Kerala Diabetes Prevention Program,"Tapp, R. J.",6 Jun 2018,https://pureportal.coventry.ac.uk/en/publications/a-peer-support-lifestyle-intervention-for-preventing-type-2-diabe
246,Cardiometabolic Health Among Adult Offspring of Hypertensive Pregnancies: The Cardiovascular Risk in Young Finns Study,"Tapp, R. J.",6 Jan 2018,https://pureportal.coventry.ac.uk/en/publications/cardiometabolic-health-among-adult-offspring-of-hypertensive-preg
247,Effects of bariatric surgery on retinal microvascular architecture in obese patients,"Tapp, R. J.",5 Dec 2018,https://pureportal.coventry.ac.uk/en/publications/effects-of-bariatric-surgery-on-retinal-microvascular-architectur
248,Impact of Ideal Cardiovascular Health in Childhood on the Retinal Microvasculature in Midadulthood: Cardiovascular Risk in Young Finns Study,"Tapp, R. J.",16 Oct 2018,https://pureportal.coventry.ac.uk/en/publications/impact-of-ideal-cardiovascular-health-in-childhood-on-the-retinal
249,Omega-3 polyunsaturated fatty acids favourably modulate cardiometabolic biomarkers in type 2 diabetes: a meta-analysis and meta-regression of randomized controlled trials,"Tapp, R.",7 Jul 2018,https://pureportal.coventry.ac.uk/en/publications/omega-3-polyunsaturated-fatty-acids-favourably-modulate-cardiomet
250,Availability and variability in guidelines on diabetic retinopathy screening in Asian countries,"Tapp, R. J.",Oct 2017,https://pureportal.coventry.ac.uk/en/publications/availability-and-variability-in-guidelines-on-diabetic-retinopath
251,Baseline characteristics of participants in the Kerala Diabetes Prevention Program: a cluster randomized controlled trial of lifestyle intervention in Asian Indians,"Tapp, R. J.",May 2017,https://pureportal.coventry.ac.uk/en/publications/baseline-characteristics-of-participants-in-the-kerala-diabetes-p
252,Gestational diabetes mellitus and retinal microvasculature,"Tapp, R. J.",18 Jan 2017,https://pureportal.coventry.ac.uk/en/publications/gestational-diabetes-mellitus-and-retinal-microvasculature
253,Cost-effectiveness of a National Telemedicine Diabetic Retinopathy Screening Program in Singapore,"Tapp, R. J.",1 Dec 2016,https://pureportal.coventry.ac.uk/en/publications/cost-effectiveness-of-a-national-telemedicine-diabetic-retinopath
254,The Association of Type 2 Diabetes Mellitus with Cerebral Gray Matter Volume Is Independent of Retinal Vascular Architecture and Retinopathy,"Tapp, R. J.",26 May 2016,https://pureportal.coventry.ac.uk/en/publications/the-association-of-type-2-diabetes-mellitus-with-cerebral-gray-ma
255,Visual Impairment in Old and Very Old Community-dwelling Asian Adults,"Tapp, R.",Nov 2016,https://pureportal.coventry.ac.uk/en/publications/visual-impairment-in-old-and-very-old-community-dwelling-asian-ad
256,Associations of Central and Peripheral Blood Pressure With Cardiac Structure and Function in an Adolescent Birth Cohort: The Avon Longitudinal Study of Parents and Children,"Tapp, R. J.",12 May 2015,https://pureportal.coventry.ac.uk/en/publications/associations-of-central-andperipheral-blood-pressurewith-cardiac-
257,Impact of blood pressure on retinal microvasculature architecture across the lifespan: the Young Finns Study,"Tapp, R. J.",12 Feb 2015,https://pureportal.coventry.ac.uk/en/publications/impact-of-blood-pressure-on-retinal-microvasculature-architecture
258,Impact of diabetes on eye care service needs: the National Indigenous Eye Health Survey,"Tapp, R. J.",1 Aug 2015,https://pureportal.coventry.ac.uk/en/publications/impact-of-diabetes-on-eye-care-service-needs-the-national-indigen
259,Impact of fetal growth and preterm birth on the retinal microvasculature in mid-adulthood,"Tapp, R. J.",May 2015,https://pureportal.coventry.ac.uk/en/publications/impact-of-fetal-growth-and-preterm-birth-on-the-retinal-microvasc
260,Recommendations on the use of echocardiography in adult hypertension: a report from the European Association of Cardiovascular Imaging (EACVI) and the American Society of Echocardiography (ASE)†,"Tapp, R. J.",Jun 2015,https://pureportal.coventry.ac.uk/en/publications/recommendations-on-the-use-of-echocardiography-in-adult-hypertens
261,Recommendations on the Use of Echocardiography in Adult Hypertension: A Report from the European Association of Cardiovascular Imaging (EACVI) and the American Society of Echocardiography (ASE),"Tapp, R. J.",Jul 2015,https://pureportal.coventry.ac.uk/en/publications/recommendations-on-the-use-of-echocardiography-in-adult-hypertens-2
262,Retinal arteriolar narrowing and incidence of knee replacement for osteoarthritis: a prospective cohort study,"Tapp, R. J.",Apr 2015,https://pureportal.coventry.ac.uk/en/publications/retinal-arteriolar-narrowing-and-incidence-of-knee-replacement-fo
263,Retinal photography screening programs to prevent vision loss from diabetic retinopathy in rural and urban Australia: a review,"Tapp, R. J.",Feb 2015,https://pureportal.coventry.ac.uk/en/publications/retinal-photography-screening-programs-to-prevent-vision-loss-fro
264,Effect of phacoemulsification on trabeculectomy function,"Tapp, R. J.",Jul 2014,https://pureportal.coventry.ac.uk/en/publications/effect-of-phacoemulsification-on-trabeculectomy-function
265,Impact of adiposity on cardiac structure in adult life: the Childhood Determinants of Adult Health (CDAH) study,"Tapp, R. J.",1 Jul 2014,https://pureportal.coventry.ac.uk/en/publications/impact-of-adiposity-on-cardiac-structure-in-adult-life-the-childh
266,Cluster randomised controlled trial of a peer-led lifestyle intervention program: study protocol for the Kerala diabetes prevention program,"Tapp, R.",4 Nov 2013,https://pureportal.coventry.ac.uk/en/publications/cluster-randomised-controlled-trial-of-a-peer-led-lifestyle-inter
267,Differential effects of adiposity and childhood growth trajectories on retinal microvascular architecture,"Tapp, R. J.",Oct 2013,https://pureportal.coventry.ac.uk/en/publications/differential-effects-of-adiposity-and-childhood-growth-trajectori
268,"Psychosocial stress predicts abnormal glucose metabolism: the Australian Diabetes, Obesity and Lifestyle (AusDiab) study","Tapp, R. J.",Aug 2013,https://pureportal.coventry.ac.uk/en/publications/psychosocial-stress-predicts-abnormal-glucose-metabolism-the-aust
269,The roadmap to close the gap for vision--diabetes-related eye care in the Indigenous Australian population,"Tapp, R. J.",Sept 2013,https://pureportal.coventry.ac.uk/en/publications/the-roadmap-to-close-the-gap-for-vision-diabetes-related-eye-care
270,Prevention of type 2 diabetes and its complications in developing countries: a review,"Tapp, R. J.",Jun 2012,https://pureportal.coventry.ac.uk/en/publications/prevention-of-type-2-diabetes-and-its-complications-in-developing
271,"Risk of cardiovascular and all-cause mortality: impact of impaired health-related functioning and diabetes: the Australian Diabetes, Obesity and Lifestyle (AusDiab) study","Tapp, R. J.",May 2012,https://pureportal.coventry.ac.uk/en/publications/risk-of-cardiovascular-and-all-cause-mortality-impact-of-impaired
272,Differential effects of antihypertensive treatment on left ventricular diastolic function: an ASCOT (Anglo-Scandinavian Cardiac Outcomes Trial) substudy,"Tapp, R. J.",27 Apr 2010,https://pureportal.coventry.ac.uk/en/publications/differential-effects-of-antihypertensive-treatment-on-left-ventri
273,"Health behaviours, socioeconomic status and diabetes incidence: the Australian Diabetes Obesity and Lifestyle Study (AusDiab)","Tapp, R. J.",Dec 2010,https://pureportal.coventry.ac.uk/en/publications/health-behaviours-socioeconomic-status-and-diabetes-incidence-the
274,Is there a link between components of health-related functioning and incident impaired glucose metabolism and type 2 diabetes? The Australian Diabetes Obesity and Lifestyle (AusDiab) study,"Tapp, R. J.",Apr 2010,https://pureportal.coventry.ac.uk/en/publications/is-there-a-link-between-components-of-health-related-functioning-
275,Tissue Doppler E/E' ratio is a powerful predictor of primary cardiac events in a hypertensive population: an ASCOT substudy,"Tapp, R. J.",Mar 2010,https://pureportal.coventry.ac.uk/en/publications/tissue-doppler-ee-ratio-is-a-powerful-predictor-of-primary-cardia
276,Wave reflection predicts cardiovascular events in hypertensive individuals independent of blood pressure and other cardiovascular risk factors: an ASCOT (Anglo-Scandinavian Cardiac Outcome Trial) substudy,"Tapp, R. J.",29 Jun 2010,https://pureportal.coventry.ac.uk/en/publications/wave-reflection-predicts-cardiovascular-events-in-hypertensive-in
277,Dual-Stream Contrastive Learning for Channel State Information Based Human Activity Recognition,"Xu, K.",1 Jan 2023,https://pureportal.coventry.ac.uk/en/publications/dual-stream-contrastive-learning-for-channel-state-information-ba
278,Human-in-the-loop machine learning with applications for population health,"Chen, L.",Mar 2023,https://pureportal.coventry.ac.uk/en/publications/human-in-the-loop-machine-learning-with-applications-for-populati
279,PresSafe: Barometer-based On-screen Pressure Assisted Implicit Authentication for Smartphones,"Wang, J.",1 Jan 2023,https://pureportal.coventry.ac.uk/en/publications/pressafe-barometer-based-on-screen-pressure-assisted-implicit-aut
280,A Green Stackelberg-game Incentive Mechanism for Multi-service Exchange in Mobile Crowdsensing,"Wang, J.",31 May 2022,https://pureportal.coventry.ac.uk/en/publications/a-green-stackelberg-game-incentive-mechanism-for-multi-service-ex
281,CrowdManager: An Ontology-Based Interaction and Management Middleware for Heterogeneous Mobile Crowd Sensing,"Wang, J.",18 Aug 2022,https://pureportal.coventry.ac.uk/en/publications/crowdmanager-an-ontology-based-interaction-and-management-middlew
282,Dynamic Probabilistic Graphical Model for Progressive Fake News Detection on Social Media Platform,"Wang, J.",31 Oct 2022,https://pureportal.coventry.ac.uk/en/publications/dynamic-probabilistic-graphical-model-for-progressive-fake-news-d
283,Enhancing Online Epidemic Supervising System by Compartmental and GRU Fusion Model,"Wang, J.",29 Aug 2022,https://pureportal.coventry.ac.uk/en/publications/enhancing-online-epidemic-supervising-system-by-compartmental-and
284,FedAux: An Efficient Framework for Hybrid Federated Learning,"Wang, J.",11 Aug 2022,https://pureportal.coventry.ac.uk/en/publications/fedaux-an-efficient-framework-for-hybrid-federated-learning
285,Fine-Grained Assessment of COVID-19 Severity Based on Clinico-Radiological Data Using Machine Learning,"Liu, H.",26 Aug 2022,https://pureportal.coventry.ac.uk/en/publications/fine-grained-assessment-of-covid-19-severity-based-on-clinico-rad
286,Guest Editorial Special Issue on Artificial Intelligence for Autonomous Unmanned System Applications,"Wang, J.",13 Oct 2022,https://pureportal.coventry.ac.uk/en/publications/guest-editorial-special-issue-on-artificial-intelligence-for-auto
287,ISIATasker: Task Allocation for Instant-SensingߝInstant-Actuation Mobile Crowdsensing: Task Allocation for Instant-Sensing-Instant-Actuation Mobile Crowd Sensing,"Wang, J.",1 Mar 2022,https://pureportal.coventry.ac.uk/en/publications/isiatasker-task-allocation-for-instant-sensing%DF%9Dinstant-actuation-
288,M3Care: Learning with Missing Modalities in Multimodal Healthcare Data,"Wang, J.",14 Aug 2022,https://pureportal.coventry.ac.uk/en/publications/m3care-learning-with-missing-modalities-in-multimodal-healthcare-
289,MARVAir: Meteorology Augmented Residual-based Visual Approach for Crowdsourcing Air Quality Inference,"Wang, J.",2022,https://pureportal.coventry.ac.uk/en/publications/marvair-meteorology-augmented-residual-based-visual-approach-for-
290,RL-Recruiter+: Mobility-Predictability-Aware Participant Selection Learning for From-Scratch Mobile Crowdsensing,"Wang, J.",1 Dec 2022,https://pureportal.coventry.ac.uk/en/publications/rl-recruiter-mobility-predictability-aware-participant-selection-
291,Spatial-Attention and Demographic-Augmented Generative Adversarial Imputation Network for Population Health Data Reconstruction,"Wang, J.",8 Dec 2022,https://pureportal.coventry.ac.uk/en/publications/spatial-attention-and-demographic-augmented-generative-adversaria
292,Toward Fairness-Aware Time-Sensitive Asynchronous Federated Learning for Critical Energy Infrastructure,"Wang, J.",1 May 2022,https://pureportal.coventry.ac.uk/en/publications/toward-fairness-aware-time-sensitive-asynchronous-federated-learn
293,Towards Personalized Federated Learning Via Group Collaboration in IIoT,"Wang, J.",18 Nov 2022,https://pureportal.coventry.ac.uk/en/publications/towards-personalized-federated-learning-via-group-collaboration-i
294,Competition-Congestion-Aware Stable Worker-Task Matching in Mobile Crowd Sensing,"Wang, J.",Sept 2021,https://pureportal.coventry.ac.uk/en/publications/competition-congestion-aware-stable-worker-task-matching-in-mobil
295,Completing missing prevalence rates for multiple chronic diseases by jointly leveraging both intra- and inter-disease population health data correlations,"Wang, J.",19 Apr 2021,https://pureportal.coventry.ac.uk/en/publications/completing-missing-prevalence-rates-for-multiple-chronic-diseases
296,Crowd-Machine Hybrid Urban Sensing and Computing,"Wang, J.",9 Apr 2021,https://pureportal.coventry.ac.uk/en/publications/crowd-machine-hybrid-urban-sensing-and-computing
297,Distilling knowledge from publicly available online EMR data to emerging epidemic for prognosis,"Wang, J.",19 Apr 2021,https://pureportal.coventry.ac.uk/en/publications/distilling-knowledge-from-publicly-available-online-emr-data-to-e
298,Does our collective stringency control the virus? Investigating lockdown effectiveness on community mobility data,"Wang, J.",Jul 2021,https://pureportal.coventry.ac.uk/en/publications/does-our-collective-stringency-control-the-virus-investigating-lo
299,Fine-Grained and Context-Aware Behavioral Biometrics for Pattern Lock on Smartphones,"Wang, J.",29 Mar 2021,https://pureportal.coventry.ac.uk/en/publications/fine-grained-and-context-aware-behavioral-biometrics-for-pattern-
300,Interpretable Machine Learning for COVID-19: An Empirical Study on Severity Prediction Task,"Wang, J.",25 Jun 2021,https://pureportal.coventry.ac.uk/en/publications/interpretable-machine-learning-for-covid-19-an-empirical-study-on
301,Memory Augmented Hierarchical Attention Network for Next Point-of-Interest Recommendation,"Wang, J.",Apr 2021,https://pureportal.coventry.ac.uk/en/publications/memory-augmented-hierarchical-attention-network-for-next-point-of
302,Profile-Free and Real-Time Task Recommendation in Mobile Crowdsensing,"Wang, J.",1 Dec 2021,https://pureportal.coventry.ac.uk/en/publications/profile-free-and-real-time-task-recommendation-in-mobile-crowdsen
303,Task allocation through fuzzy logic based participant density analysis in mobile crowd sensing,"Wang, J.",Mar 2021,https://pureportal.coventry.ac.uk/en/publications/task-allocation-through-fuzzy-logic-based-participant-density-ana
304,Understanding and Predicting the Burst of Burnout via Social Media,"Wang, J.",5 Jan 2021,https://pureportal.coventry.ac.uk/en/publications/understanding-and-predicting-the-burst-of-burnout-via-social-medi
305,AdaCare: Explainable clinical health status representation learning via scale-adaptive feature extraction and recalibration,"Wang, J.",2020,https://pureportal.coventry.ac.uk/en/publications/adacare-explainable-clinical-health-status-representation-learnin
306,Assessing mental stress based on smartphone sensing data: An empirical study,"Wang, J.",9 Apr 2020,https://pureportal.coventry.ac.uk/en/publications/assessing-mental-stress-based-on-smartphone-sensing-data-an-empir
307,ConCare: Personalized clinical feature embedding via capturing the healthcare context,"Wang, J.",2020,https://pureportal.coventry.ac.uk/en/publications/concare-personalized-clinical-feature-embedding-via-capturing-the
308,Correlating msm's mental health with usage behaviors on msm-specific social applications,"Wang, J.",9 Apr 2020,https://pureportal.coventry.ac.uk/en/publications/correlating-msms-mental-health-with-usage-behaviors-on-msm-specif
309,Estimating urban road gps environment friendliness with bus trajectories: A city-scale approach,"Wang, J.",12 Mar 2020,https://pureportal.coventry.ac.uk/en/publications/estimating-urban-road-gps-environment-friendliness-with-bus-traje
310,Generic and efficient connectivity determination for IoT applications,"Wang, J.",Jun 2020,https://pureportal.coventry.ac.uk/en/publications/generic-and-efficient-connectivity-determination-for-iot-applicat
311,HyTasker: Hybrid Task Allocation in Mobile Crowd Sensing,"Wang, J.",1 Mar 2020,https://pureportal.coventry.ac.uk/en/publications/hytasker-hybrid-task-allocation-in-mobile-crowd-sensing
312,Multi-source data integration-based urban road GPS environment friendliness estimation,"Wang, J.",9 Apr 2020,https://pureportal.coventry.ac.uk/en/publications/multi-source-data-integration-based-urban-road-gps-environment-fr
313,Participants Selection for From-Scratch Mobile Crowdsensing via Reinforcement Learning,"Wang, J.",29 Jun 2020,https://pureportal.coventry.ac.uk/en/publications/participants-selection-for-from-scratch-mobile-crowdsensing-via-r
314,Swarm-Intelligence-Based Rendezvous Selection via Edge Computing for Mobile Sensor Networks,"Wang, J.",Oct 2020,https://pureportal.coventry.ac.uk/en/publications/swarm-intelligence-based-rendezvous-selection-via-edge-computing-
315,Task allocation based on node pair intimacy in wireless sensor networks,"Wang, J.",1 Jul 2020,https://pureportal.coventry.ac.uk/en/publications/task-allocation-based-on-node-pair-intimacy-in-wireless-sensor-ne
316,"What Happens in Peer-Support, Stays in Peer-Support: Software Architecture for Peer-Sourcing in Mental Health","Wang, J.",22 Sept 2020,https://pureportal.coventry.ac.uk/en/publications/what-happens-in-peer-support-stays-in-peer-support-software-archi
317,Will online digital footprints reveal your relationship status? an empirical study of social applications for sexual-minority men,"Wang, J.",18 Mar 2020,https://pureportal.coventry.ac.uk/en/publications/will-online-digital-footprints-reveal-your-relationship-status-an
318,Allocating Heterogeneous Tasks in Participatory Sensing with Diverse Participant-Side Factors,"Wang, J.",Sept 2019,https://pureportal.coventry.ac.uk/en/publications/allocating-heterogeneous-tasks-in-participatory-sensing-with-dive
319,A Survey of Task Allocation: Contrastive Perspectives from Wireless Sensor Networks and Mobile Crowdsensing,"Wang, J.",27 Jun 2019,https://pureportal.coventry.ac.uk/en/publications/a-survey-of-task-allocation-contrastive-perspectives-from-wireles
320,CAMP: Co-Attention Memory Networks for Diagnosis Prediction in Healthcare,"Wang, J.",Nov 2019,https://pureportal.coventry.ac.uk/en/publications/camp-co-attention-memory-networks-for-diagnosis-prediction-in-hea
321,Crowd-Assisted Machine Learning: Current Issues and Future Directions,"Wang, J.",1 Jan 2019,https://pureportal.coventry.ac.uk/en/publications/crowd-assisted-machine-learning-current-issues-and-future-directi
322,Learning-Assisted Optimization in Mobile Crowd Sensing: A Survey,"Wang, J.",1 Jan 2019,https://pureportal.coventry.ac.uk/en/publications/learning-assisted-optimization-in-mobile-crowd-sensing-a-survey
323,MLRDA: A multi-task semi-supervised learning framework for drug-drug interaction prediction,"Wang, J.",16 Aug 2019,https://pureportal.coventry.ac.uk/en/publications/mlrda-a-multi-task-semi-supervised-learning-framework-for-drug-dr
324,Social-Network-Assisted Worker Recruitment in Mobile Crowd Sensing,"Wang, J.",1 Jul 2019,https://pureportal.coventry.ac.uk/en/publications/social-network-assisted-worker-recruitment-in-mobile-crowd-sensin
325,STAR: Spatio-temporal taxonomy-aware tag recommendation for citizen complaints,"Wang, J.",3 Nov 2019,https://pureportal.coventry.ac.uk/en/publications/star-spatio-temporal-taxonomy-aware-tag-recommendation-for-citize
326,Enabling Human-Centric Smart Cities: Crowdsourcing-Based Practice in China,"Wang, J.",1 Dec 2018,https://pureportal.coventry.ac.uk/en/publications/enabling-human-centric-smart-cities-crowdsourcing-based-practice-
327,Views and Experiences of Healthcare Practitioners Supporting People with Copd Who Have Used Activity Monitors: “More than Just Steps”,"Wilde, L.",12 Jun 2023,https://pureportal.coventry.ac.uk/en/publications/views-and-experiences-of-healthcare-practitioners-supporting-peop
328,Developing public transport messaging to provide crowding information during COVID-19: Application of the COM-B model and behaviour change wheel,"Wilde, L. J.",Mar 2022,https://pureportal.coventry.ac.uk/en/publications/developing-public-transport-messaging-to-provide-crowding-informa
329,Protocol for a single-centre mixed-method pre–post single-arm feasibility trial of a culturally appropriate 6-week pulmonary rehabilitation programme among adults with functionally limiting chronic respiratory diseases in Malawi,,31 Jan 2022,https://pureportal.coventry.ac.uk/en/publications/protocol-for-a-single-centre-mixed-method-prepost-single-arm-feas
330,"Systematic Review of Physical Activity, Sedentary Behaviour and Sleep Among Adults Living with Chronic Respiratory Disease in Low- and Middle-Income Countries.","Wilde, L. J.",18 Apr 2022,https://pureportal.coventry.ac.uk/en/publications/systematic-review-of-physical-activity-sedentary-behaviour-and-sl
331,What Are the Experiences of People with COPD Using Activity Monitors?: A Qualitative Scoping Review,"Wilde, L. J.",31 Dec 2022,https://pureportal.coventry.ac.uk/en/publications/what-are-the-experiences-of-people-with-copd-using-activity-monit
332,‘It’s definitely the future’: Healthcare practitioners’ views and experiences of activity monitors to support people with chronic obstructive pulmonary disease (COPD),"Wilde, L. J.",11 Nov 2022,https://pureportal.coventry.ac.uk/en/publications/its-definitely-the-future-healthcare-practitioners-views-and-expe
333,‘It’s really just been a learning experience’: A qualitative study to explore the experiences of people with chronic obstructive pulmonary disease (COPD) using activity monitors,"Wilde, L. J.",11 Nov 2022,https://pureportal.coventry.ac.uk/en/publications/its-really-just-been-a-learning-experience-a-qualitative-study-to
334,“Addicted to the tracker”?: Experiences of people with Chronic Obstructive Pulmonary Disease (COPD) using activity trackers,"Wilde, L. J.",25 Mar 2022,https://pureportal.coventry.ac.uk/en/publications/addicted-to-the-tracker-experiences-of-people-with-chronic-obstru
335,Implementing a digital intervention for managing uncontrolled hypertension in Primary Care: a mixed methods process evaluation,"Wilde, L.",26 May 2021,https://pureportal.coventry.ac.uk/en/publications/implementing-a-digital-intervention-for-managing-uncontrolled-hyp
336,Mobile health apps: An exploration of user-generated reviews in Google Play store on a physical activity application,"Wilde, L. J.",2021,https://pureportal.coventry.ac.uk/en/publications/mobile-health-apps-an-exploration-of-user-generated-reviews-in-go
337,"Developing a digital intervention for cancer survivors: an evidence-, theory- and person-based approach",,2 Sept 2019,https://pureportal.coventry.ac.uk/en/publications/developing-a-digital-intervention-for-cancer-survivors-an-evidenc
338,Renewed: Protocol for a randomised controlled trial of a digital intervention to support quality of life in cancer survivors,"Wilde, L. J.",1 Mar 2019,https://pureportal.coventry.ac.uk/en/publications/renewed-protocol-for-a-randomised-controlled-trial-of-a-digital-i
339,Apps and wearables for monitoring physical activity and sedentary behaviour: a qualitative systematic review protocol on barriers and facilitators,"Wilde, L. J.",2018,https://pureportal.coventry.ac.uk/en/publications/apps-and-wearables-for-monitoring-physical-activity-and-sedentary
340,Apps and wearables to monitor physical activity and sedentary behaviour: Findings from a qualitative systematic review on barriers and facilitators,"Wilde, L. J.",15 Oct 2018,https://pureportal.coventry.ac.uk/en/publications/apps-and-wearables-to-monitor-physical-activity-and-sedentary-beh-2
341,Apps and wearables to monitor physical activity and sedentary behaviour: Preliminary findings from a qualitative systematic review on barriers and facilitators,"Wilde, L. J.",5 Jun 2018,https://pureportal.coventry.ac.uk/en/publications/apps-and-wearables-to-monitor-physical-activity-and-sedentary-beh
342,"Exploring cancer survivors’ views of health behavior change: ""Where do you start, where do you stop with everything?""","Wilde, L. J.",Jul 2018,https://pureportal.coventry.ac.uk/en/publications/exploring-cancer-survivors-views-of-health-behavior-change-where-
343,Long-term use of mobile phone apps and wearables to support physical activity: from barriers and facilitators to guidelines,"Wilde, L. J.",24 May 2017,https://pureportal.coventry.ac.uk/en/publications/long-term-use-of-mobile-phone-apps-and-wearables-to-support-physi
344,Combined cognitive biases for pain and disability information in individuals with chronic headache: A preliminary investigation,"Parry, L. J.",24 Aug 2016,https://pureportal.coventry.ac.uk/en/publications/combined-cognitive-biases-for-pain-and-disability-information-in-
345,Non-specific Mechanisms in Orthodox and CAM management of low back pain (MOCAM). Theoretical framework and protocol for a prospective cohort study,"Parry, L. J.",27 May 2016,https://pureportal.coventry.ac.uk/en/publications/non-specific-mechanisms-in-orthodox-and-cam-management-of-low-bac
346,Digital Peer-Supported Self-Management Intervention Codesigned by People With Long COVID: Mixed Methods Proof-of-Concept Study,"Wright, H.",14 Oct 2022,https://pureportal.coventry.ac.uk/en/publications/digital-peer-supported-self-management-intervention-codesigned-by
347,Give the people what they want: evidence-based peer support for Long COVID,"Wright, H.",29 Mar 2022,https://pureportal.coventry.ac.uk/en/publications/give-the-people-what-they-want-evidence-based-peer-support-for-lo
348,Older Individuals Convicted of Sexual Offenses: A Literature Review,"Tramontano, C.",Apr 2022,https://pureportal.coventry.ac.uk/en/publications/older-individuals-convicted-of-sexual-offenses-a-literature-revie
349,A Digital Self-management Program (Help to Overcome Problems Effectively) for People Living With Cancer: Feasibility Randomized Controlled Trial ,"Wright, H.",5 Nov 2021,https://pureportal.coventry.ac.uk/en/publications/a-digital-self-management-program-help-to-overcome-problems-effec
350,A ray of HOPE: digital self-management for people living with cancer during COVID-19,"Wright, H.",26 Jan 2021,https://pureportal.coventry.ac.uk/en/publications/a-ray-of-hope-digital-self-management-for-people-living-with-canc
351,Fostering Distance Education: Lessons From a United States-England Partnered Collaborative Online International Learning Approach,"Wright, H.",1 Dec 2021,https://pureportal.coventry.ac.uk/en/publications/fostering-distance-education-lessons-from-a-united-states-england
352,Introducing the tablet-based Oxford Cognitive Screen-Plus (OCS-Plus) as an assessment tool for subtle cognitive impairments,"Wright, H.",Dec 2021,https://pureportal.coventry.ac.uk/en/publications/introducing-the-tablet-based-oxford-cognitive-screen-plus-ocs-plu
353,World Stroke Day 2021: Let’s talk about sex,"Wright, H.",29 Oct 2021,https://pureportal.coventry.ac.uk/en/publications/world-stroke-day-2021-lets-talk-about-sex
354,A Digital Program (Hope) for People Living With Cancer During the COVID-19 Pandemic: Protocol for a Feasibility Randomized Controlled Trial,"Wright, H.",4 Dec 2020,https://pureportal.coventry.ac.uk/en/publications/a-digital-program-hope-for-people-living-with-cancer-during-the-c
355,Help to Overcome Problems Effectively for Cancer Survivors: Development and Evaluation of a Digital Self-Management Program,"Wright, H.",19 May 2020,https://pureportal.coventry.ac.uk/en/publications/help-to-overcome-problems-effectively-for-cancer-survivors-develo
356,Sexual expression and cognitive function: gender-divergent associations in older adults,"Wright, H.",Apr 2020,https://pureportal.coventry.ac.uk/en/publications/sexual-expression-and-cognitive-function-gender-divergent-associa
357,Frequent sexual activity predicts specific cognitive abilities in older adults,"Wright, H.",Jan 2019,https://pureportal.coventry.ac.uk/en/publications/frequent-sexual-activity-predicts-specific-cognitive-abilities-in
358,Associations between cognitive function and sexual activities in later life,"Wright, H.",2017,https://pureportal.coventry.ac.uk/en/publications/associations-between-cognitive-function-and-sexual-activities-in-
359,"Exploring the Links Between Cognition and Sexual Activity: Cognitive Flexibility, Dopamine and the Prefrontal Cortex","Wright, H.",2017,https://pureportal.coventry.ac.uk/en/publications/exploring-the-links-between-cognition-and-sexual-activity-cogniti
360,Five things that reduce the risk of cognitive decline with age,"Wright, H.",25 Aug 2017,https://pureportal.coventry.ac.uk/en/publications/five-things-that-reduce-the-risk-of-cognitive-decline-with-age
361,Handy tips for surviving a conference: an introvert’s guide,"Wright, H.",31 Aug 2017,https://pureportal.coventry.ac.uk/en/publications/handy-tips-for-surviving-a-conference-an-introverts-guide
362,Sexuality and ageing research: perspectives of a cognitive psychologist,"Wright, H.",Jul 2017,https://pureportal.coventry.ac.uk/en/publications/sexuality-and-ageing-research-perspectives-of-a-cognitive-psychol
363,Frequency of Sexual Activity in Ageing Populations: Implications for Cognitive Function,"Wright, H.",5 Sept 2016,https://pureportal.coventry.ac.uk/en/publications/frequency-of-sexual-activity-in-ageing-populations-implications-f
364,How Much is Enough? Potential Benefits of an Active Sex Life on Working Memory,"Wright, H.",2016,https://pureportal.coventry.ac.uk/en/publications/how-much-is-enough-potential-benefits-of-an-active-sex-life-on-wo
365,"""No Particular Place to Go"": Gender, Sexuality and Sexual Health Help-Seeking in UK Older Adults","Wright, H.",2016,https://pureportal.coventry.ac.uk/en/publications/no-particular-place-to-go-gender-sexuality-and-sexual-health-help
366,Research in the Media: Is All Publicity ‘Good’ Publicity?,"Wright, H.",2016,https://pureportal.coventry.ac.uk/en/publications/research-in-the-media-is-all-publicity-good-publicity
367,Sex and Cognition in Later Life: Exploring Links Between Intimacy and Brain Function,"Wright, H.",2016,https://pureportal.coventry.ac.uk/en/publications/sex-and-cognition-in-later-life-exploring-links-between-intimacy-
368,Sex on the brain! Associations between sexual activity and cognitive function in older age,"Wright, H.",2016,https://pureportal.coventry.ac.uk/en/publications/sex-on-the-brain-associations-between-sexual-activity-and-cogniti-2
369,Cross-sectional associations between sexual activity and cognitive function in the English Longitudinal Study of Ageing,"Wright, H.",2015,https://pureportal.coventry.ac.uk/en/publications/cross-sectional-associations-between-sexual-activity-and-cognitiv
370,"Gender, cognition and cognitive lifestyle in the English Longitudinal Study of Ageing","Wright, H.",2015,https://pureportal.coventry.ac.uk/en/publications/gender-cognition-and-cognitive-lifestyle-in-the-english-longitudi
371,Sex on the Brain: Associations between Cognitive Function and Sexual Activity in Community-Dwelling Older Adults in England,"Wright, H.",6 Nov 2015,https://pureportal.coventry.ac.uk/en/publications/sex-on-the-brain-associations-between-cognitive-function-and-sexu
372,The effect of expectancy of sleep induction on sleep quality using objective and subjective measures,"Wright, H.",2015,https://pureportal.coventry.ac.uk/en/publications/the-effect-of-expectancy-of-sleep-induction-on-sleep-quality-usin-2
373,Cross-Sectional Study of Sleep Quantity and Quality and Amnestic and Non-Amnestic Cognitive Function in an Ageing Population: The English Longitudinal Study of Ageing (ELSA),"Wright, H.",26 Jun 2014,https://pureportal.coventry.ac.uk/en/publications/cross-sectional-study-of-sleep-quantity-and-quality-and-amnestic--2
374,Sleep and Cognition,"Wright, H.",24 Sept 2014,https://pureportal.coventry.ac.uk/en/publications/sleep-and-cognition-2
375,Sleep Disturbances and Cognitive Function in the English Longitudinal Study of Ageing,"Wright, H.",25 Jun 2014,https://pureportal.coventry.ac.uk/en/publications/sleep-disturbances-and-cognitive-function-in-the-english-longitud-2
376,Sleep Disturbances and Mild Cognitive Impairment in the English Longitudinal Study of Ageing,"Wright, H.",1 Sept 2013,https://pureportal.coventry.ac.uk/en/publications/sleep-disturbances-and-mild-cognitive-impairment-in-the-english-l-4
377,Sleep Disturbances and Mild Cognitive Impairment in the English Longitudinal Study of Ageing,"Wright, H.",1 Jun 2013,https://pureportal.coventry.ac.uk/en/publications/sleep-disturbances-and-mild-cognitive-impairment-in-the-english-l-3
378,The contribution of stimulus-driven and goal-driven mechanisms to feature-based selection in patients with spatial attention deficits,"Wright, H.",2012,https://pureportal.coventry.ac.uk/en/publications/the-contribution-of-stimulus-driven-and-goal-driven-mechanisms-to
379,An amygdala response to fearful faces with covered eyes,"Wright, H.",2008,https://pureportal.coventry.ac.uk/en/publications/an-amygdala-response-to-fearful-faces-with-covered-eyes
380,Calcium Activation of Parvalbumin Neurons Induced by Electrical Motor Cortex Stimulation,"Xu, Y.",8 Sept 2022,https://pureportal.coventry.ac.uk/en/publications/calcium-activation-of-parvalbumin-neurons-induced-by-electrical-m
381,Regional identification of information flow termination of electrohysterographic signals: Towards understanding human uterine electrical propagation,"Xu, Y.",Aug 2022,https://pureportal.coventry.ac.uk/en/publications/regional-identification-of-information-flow-termination-of-electr
382,Uterus Modeling from Cell to Organ Level: towards Better Understanding of Physiological Basis of Uterine Activity,"Xu, Y.",2022,https://pureportal.coventry.ac.uk/en/publications/uterus-modeling-from-cell-to-organ-level-towards-better-understan
383,Automatic recognition of uterine contractions with electrohysterogram signals based on the zero-crossing rate,"Xu, Y.",21 Jan 2021,https://pureportal.coventry.ac.uk/en/publications/automatic-recognition-of-uterine-contractions-with-electrohystero
384,Development and validation of a deep learning-based automatic auscultatory blood pressure measurement method,"Xu, Y.",Jul 2021,https://pureportal.coventry.ac.uk/en/publications/development-and-validation-of-a-deep-learning-based-automatic-aus
385,Evaluation of cuff deflation and inflation rates on a deep learning-based automatic blood pressure measurement method: a pilot evaluation study,"Xu, Y.",1 Apr 2021,https://pureportal.coventry.ac.uk/en/publications/evaluation-of-cuff-deflation-and-inflation-rates-on-a-deep-learni
386,Analysis of Electrohysterographic Signal Propagation Direction during Uterine Contraction: the Application of Directed Information,"Xu, Y.",27 Aug 2020,https://pureportal.coventry.ac.uk/en/publications/analysis-of-electrohysterographic-signal-propagation-direction-du
387,Dataset on Blood Flow and Instantaneous Wave-free Ratio in Normal and Stenosed Coronary Arteries,"Liu, H.",Oct 2020,https://pureportal.coventry.ac.uk/en/publications/dataset-on-blood-flow-and-instantaneous-wave-free-ratio-in-normal
388,Effect of microcirculatory resistance on coronary blood flow and instantaneous wave-free ratio: A computational study,"Liu, H.",1 Nov 2020,https://pureportal.coventry.ac.uk/en/publications/effect-of-microcirculatory-resistance-on-coronary-blood-flow-and-
389,Significance of considering respiratory movement in estimating sleep stage,"Liu, H.",18 Mar 2020,https://pureportal.coventry.ac.uk/en/publications/significance-of-considering-respiratory-movement-in-estimating-sl
390,Cortico-Muscular Coherence Enhancement Via Sparse Signal Representation,"Xu, Y.",13 Sept 2018,https://pureportal.coventry.ac.uk/en/publications/cortico-muscular-coherence-enhancement-via-sparse-signal-represen
391,Cortico-muscular coherence enhancement via coherent Wavelet enhanced Independent Component Analysis,"Xu, Y.",14 Sept 2017,https://pureportal.coventry.ac.uk/en/publications/cortico-muscular-coherence-enhancement-via-coherent-wavelet-enhan
392,Corticomuscular Coherence With Time Lag With Application to Delay Estimation,"Xu, Y.",Mar 2017,https://pureportal.coventry.ac.uk/en/publications/corticomuscular-coherence-with-time-lag-with-application-to-delay
393,Delay estimation between EEG and EMG via coherence with time lag,"Xu, Y.",19 May 2016,https://pureportal.coventry.ac.uk/en/publications/delay-estimation-between-eeg-and-emg-via-coherence-with-time-lag
